data;total
01/01/00;356
02/01/00;483
03/01/00;568
04/01/00;559
05/01/00;552
06/01/00;543
07/01/00;542
08/01/00;362
09/01/00;428
10/01/00;555
11/01/00;534
12/01/00;568
13/01/00;550
14/01/00;551
15/01/00;368
16/01/00;435
17/01/00;545
18/01/00;550
19/01/00;553
20/01/00;540
21/01/00;544
22/01/00;375
23/01/00;437
24/01/00;543
25/01/00;543
26/01/00;553
27/01/00;562
28/01/00;556
29/01/00;371
30/01/00;434
31/01/00;565
01/02/00;552
02/02/00;539
03/02/00;542
04/02/00;541
05/02/00;333
06/02/00;407
07/02/00;541
08/02/00;535
09/02/00;542
10/02/00;548
11/02/00;554
12/02/00;339
13/02/00;400
14/02/00;549
15/02/00;545
16/02/00;551
17/02/00;566
18/02/00;543
19/02/00;325
20/02/00;370
21/02/00;537
22/02/00;532
23/02/00;544
24/02/00;533
25/02/00;541
26/02/00;344
27/02/00;384
28/02/00;560
29/02/00;538
01/03/00;551
02/03/00;544
03/03/00;564
04/03/00;351
05/03/00;367
06/03/00;541
07/03/00;554
08/03/00;602
09/03/00;546
10/03/00;546
11/03/00;339
12/03/00;397
13/03/00;550
14/03/00;547
15/03/00;550
16/03/00;558
17/03/00;567
18/03/00;356
19/03/00;400
20/03/00;549
21/03/00;548
22/03/00;554
23/03/00;558
24/03/00;559
25/03/00;347
26/03/00;395
27/03/00;554
28/03/00;551
29/03/00;552
30/03/00;558
31/03/00;554
01/04/00;332
02/04/00;373
03/04/00;549
04/04/00;547
05/04/00;547
06/04/00;557
07/04/00;557
08/04/00;323
09/04/00;362
10/04/00;551
11/04/00;555
12/04/00;563
13/04/00;566
14/04/00;554
15/04/00;330
16/04/00;379
17/04/00;556
18/04/00;557
19/04/00;558
20/04/00;551
21/04/00;539
22/04/00;315
23/04/00;391
24/04/00;545
25/04/00;543
26/04/00;536
27/04/00;544
28/04/00;547
29/04/00;322
30/04/00;357
01/05/00;554
02/05/00;546
03/05/00;547
04/05/00;538
05/05/00;554
06/05/00;321
07/05/00;365
08/05/00;549
09/05/00;540
10/05/00;544
11/05/00;547
12/05/00;546
13/05/00;325
14/05/00;370
15/05/00;569
16/05/00;559
17/05/00;565
18/05/00;572
19/05/00;568
20/05/00;323
22/05/00;566
23/05/00;574
24/05/00;564
25/05/00;558
26/05/00;563
27/05/00;323
28/05/00;360
29/05/00;568
30/05/00;557
31/05/00;563
01/06/00;559
02/06/00;571
03/06/00;312
04/06/00;359
05/06/00;569
06/06/00;560
07/06/00;571
08/06/00;572
09/06/00;572
10/06/00;313
11/06/00;365
12/06/00;570
13/06/00;566
14/06/00;578
15/06/00;580
16/06/00;578
17/06/00;339
18/06/00;393
19/06/00;610
20/06/00;600
21/06/00;588
22/06/00;576
23/06/00;554
24/06/00;334
25/06/00;404
26/06/00;599
27/06/00;571
28/06/00;588
29/06/00;590
30/06/00;587
01/07/00;371
02/07/00;402
03/07/00;571
04/07/00;578
05/07/00;588
06/07/00;579
07/07/00;577
08/07/00;392
09/07/00;412
10/07/00;575
11/07/00;579
12/07/00;571
13/07/00;579
14/07/00;578
15/07/00;383
16/07/00;419
17/07/00;573
18/07/00;565
19/07/00;573
20/07/00;569
21/07/00;580
22/07/00;393
23/07/00;423
24/07/00;579
25/07/00;572
26/07/00;580
27/07/00;585
28/07/00;590
29/07/00;385
30/07/00;413
31/07/00;592
01/08/00;579
02/08/00;572
03/08/00;580
04/08/00;576
05/08/00;353
06/08/00;378
07/08/00;602
08/08/00;558
09/08/00;564
10/08/00;555
11/08/00;562
12/08/00;330
13/08/00;365
14/08/00;548
15/08/00;550
16/08/00;548
17/08/00;552
18/08/00;552
19/08/00;312
20/08/00;368
21/08/00;554
22/08/00;551
23/08/00;558
24/08/00;552
25/08/00;564
26/08/00;325
27/08/00;367
28/08/00;576
29/08/00;560
30/08/00;552
31/08/00;580
01/09/00;582
02/09/00;371
03/09/00;382
04/09/00;566
05/09/00;559
06/09/00;568
07/09/00;539
08/09/00;515
09/09/00;333
10/09/00;411
11/09/00;577
12/09/00;587
13/09/00;590
14/09/00;587
15/09/00;577
16/09/00;346
17/09/00;395
18/09/00;570
19/09/00;567
20/09/00;564
21/09/00;574
22/09/00;570
23/09/00;341
24/09/00;387
25/09/00;576
26/09/00;563
27/09/00;564
28/09/00;559
29/09/00;568
30/09/00;327
01/10/00;368
02/10/00;568
03/10/00;569
04/10/00;580
05/10/00;574
06/10/00;576
07/10/00;354
08/10/00;376
09/10/00;562
10/10/00;564
11/10/00;564
12/10/00;570
13/10/00;557
14/10/00;343
15/10/00;408
16/10/00;570
17/10/00;562
18/10/00;564
19/10/00;562
20/10/00;561
21/10/00;343
22/10/00;380
23/10/00;570
24/10/00;574
25/10/00;555
26/10/00;553
27/10/00;559
28/10/00;345
29/10/00;373
30/10/00;552
31/10/00;551
01/11/00;564
02/11/00;554
03/11/00;540
04/11/00;334
05/11/00;405
06/11/00;572
07/11/00;565
08/11/00;554
09/11/00;556
10/11/00;554
11/11/00;337
12/11/00;391
13/11/00;560
14/11/00;555
15/11/00;545
16/11/00;557
17/11/00;585
18/11/00;344
19/11/00;381
20/11/00;562
21/11/00;554
22/11/00;553
23/11/00;557
24/11/00;562
25/11/00;339
26/11/00;372
27/11/00;551
28/11/00;549
29/11/00;560
30/11/00;573
01/12/00;560
02/12/00;338
03/12/00;382
04/12/00;565
05/12/00;558
06/12/00;555
07/12/00;555
08/12/00;554
09/12/00;339
10/12/00;387
11/12/00;561
12/12/00;552
13/12/00;578
14/12/00;573
15/12/00;584
16/12/00;365
17/12/00;403
18/12/00;580
19/12/00;576
20/12/00;565
21/12/00;567
22/12/00;565
23/12/00;377
24/12/00;364
25/12/00;559
26/12/00;593
27/12/00;591
28/12/00;578
29/12/00;595
30/12/00;398
31/12/00;366
01/01/01;584
02/01/01;600
03/01/01;590
04/01/01;580
05/01/01;581
06/01/01;390
07/01/01;396
08/01/01;564
09/01/01;579
10/01/01;577
11/01/01;585
12/01/01;578
13/01/01;396
14/01/01;404
15/01/01;591
16/01/01;594
17/01/01;604
18/01/01;601
19/01/01;599
20/01/01;430
21/01/01;429
22/01/01;599
23/01/01;586
24/01/01;595
25/01/01;589
26/01/01;591
27/01/01;411
28/01/01;432
29/01/01;605
30/01/01;595
31/01/01;591
01/02/01;636
02/02/01;625
03/02/01;409
04/02/01;449
05/02/01;629
06/02/01;623
07/02/01;617
08/02/01;621
09/02/01;624
10/02/01;387
11/02/01;434
12/02/01;627
13/02/01;631
14/02/01;631
15/02/01;626
16/02/01;623
17/02/01;369
18/02/01;425
19/02/01;623
20/02/01;613
21/02/01;614
22/02/01;625
23/02/01;645
24/02/01;438
25/02/01;418
26/02/01;607
27/02/01;617
28/02/01;662
01/03/01;627
02/03/01;617
03/03/01;402
04/03/01;436
05/03/01;630
06/03/01;635
07/03/01;636
08/03/01;644
09/03/01;642
10/03/01;402
11/03/01;466
12/03/01;630
13/03/01;624
14/03/01;629
15/03/01;633
16/03/01;627
17/03/01;389
18/03/01;459
19/03/01;633
20/03/01;626
21/03/01;627
22/03/01;627
23/03/01;630
24/03/01;389
25/03/01;458
26/03/01;635
27/03/01;626
28/03/01;636
29/03/01;639
30/03/01;627
31/03/01;363
01/04/01;443
02/04/01;628
03/04/01;632
04/04/01;633
05/04/01;641
06/04/01;650
07/04/01;365
08/04/01;457
09/04/01;634
10/04/01;631
11/04/01;632
12/04/01;657
13/04/01;626
14/04/01;371
15/04/01;478
16/04/01;660
17/04/01;661
18/04/01;650
19/04/01;659
20/04/01;664
21/04/01;393
22/04/01;469
23/04/01;665
24/04/01;686
25/04/01;676
26/04/01;693
27/04/01;686
28/04/01;413
29/04/01;446
30/04/01;649
01/05/01;675
02/05/01;708
03/05/01;714
04/05/01;711
05/05/01;412
06/05/01;496
07/05/01;706
08/05/01;696
09/05/01;695
10/05/01;702
11/05/01;702
12/05/01;409
13/05/01;498
14/05/01;699
15/05/01;693
16/05/01;752
17/05/01;720
18/05/01;712
19/05/01;393
20/05/01;491
21/05/01;705
22/05/01;699
23/05/01;725
24/05/01;724
25/05/01;707
26/05/01;386
27/05/01;496
28/05/01;708
29/05/01;695
30/05/01;706
31/05/01;698
01/06/01;702
02/06/01;381
03/06/01;484
04/06/01;695
05/06/01;714
06/06/01;700
07/06/01;702
08/06/01;707
09/06/01;384
10/06/01;490
11/06/01;698
12/06/01;701
13/06/01;702
14/06/01;726
15/06/01;666
16/06/01;352
17/06/01;485
18/06/01;712
19/06/01;708
20/06/01;700
21/06/01;666
22/06/01;675
23/06/01;371
24/06/01;452
25/06/01;674
26/06/01;665
27/06/01;663
28/06/01;665
29/06/01;650
30/06/01;411
01/07/01;499
02/07/01;679
03/07/01;679
04/07/01;694
05/07/01;665
06/07/01;675
07/07/01;413
08/07/01;509
09/07/01;661
10/07/01;659
11/07/01;681
12/07/01;665
13/07/01;660
14/07/01;412
15/07/01;504
16/07/01;665
17/07/01;666
18/07/01;666
19/07/01;658
20/07/01;678
21/07/01;412
22/07/01;497
23/07/01;678
24/07/01;668
25/07/01;673
26/07/01;684
27/07/01;668
28/07/01;429
29/07/01;497
30/07/01;670
31/07/01;660
01/08/01;658
02/08/01;693
03/08/01;653
04/08/01;396
05/08/01;491
06/08/01;659
07/08/01;666
08/08/01;656
09/08/01;651
10/08/01;652
11/08/01;360
12/08/01;451
13/08/01;649
14/08/01;648
15/08/01;645
16/08/01;644
17/08/01;641
18/08/01;367
19/08/01;454
20/08/01;664
21/08/01;642
22/08/01;646
23/08/01;644
24/08/01;643
25/08/01;368
26/08/01;456
27/08/01;643
28/08/01;656
29/08/01;654
30/08/01;649
31/08/01;647
01/09/01;384
02/09/01;469
03/09/01;651
04/09/01;669
05/09/01;680
06/09/01;663
07/09/01;665
08/09/01;374
09/09/01;508
10/09/01;683
11/09/01;644
12/09/01;647
13/09/01;654
14/09/01;655
16/09/01;462
17/09/01;655
18/09/01;640
19/09/01;650
20/09/01;651
21/09/01;643
22/09/01;368
23/09/01;457
24/09/01;646
25/09/01;660
26/09/01;671
27/09/01;651
28/09/01;656
29/09/01;393
30/09/01;471
01/10/01;695
02/10/01;694
03/10/01;685
04/10/01;683
05/10/01;683
06/10/01;451
07/10/01;508
08/10/01;695
09/10/01;698
10/10/01;681
11/10/01;690
12/10/01;701
13/10/01;446
14/10/01;533
15/10/01;696
16/10/01;690
17/10/01;694
18/10/01;708
19/10/01;691
20/10/01;490
21/10/01;528
22/10/01;708
23/10/01;713
24/10/01;700
25/10/01;696
26/10/01;694
27/10/01;437
28/10/01;514
29/10/01;701
30/10/01;702
31/10/01;703
01/11/01;710
02/11/01;709
03/11/01;418
04/11/01;529
05/11/01;721
06/11/01;716
07/11/01;716
08/11/01;726
09/11/01;706
10/11/01;425
11/11/01;501
12/11/01;704
13/11/01;707
14/11/01;727
15/11/01;720
16/11/01;712
17/11/01;431
18/11/01;531
19/11/01;738
20/11/01;744
21/11/01;721
22/11/01;708
23/11/01;709
24/11/01;433
25/11/01;514
26/11/01;713
27/11/01;718
28/11/01;731
29/11/01;721
30/11/01;734
01/12/01;441
02/12/01;504
03/12/01;700
04/12/01;701
05/12/01;715
06/12/01;706
07/12/01;695
08/12/01;423
09/12/01;508
10/12/01;714
11/12/01;702
12/12/01;691
13/12/01;709
14/12/01;703
15/12/01;437
16/12/01;497
17/12/01;725
18/12/01;704
19/12/01;707
20/12/01;720
21/12/01;710
22/12/01;488
23/12/01;482
24/12/01;698
25/12/01;696
26/12/01;725
27/12/01;728
28/12/01;726
29/12/01;493
30/12/01;528
31/12/01;704
01/01/02;679
03/01/02;680
04/01/02;669
05/01/02;448
06/01/02;505
07/01/02;659
08/01/02;669
09/01/02;667
10/01/02;663
11/01/02;668
12/01/02;454
13/01/02;500
14/01/02;700
15/01/02;683
16/01/02;662
17/01/02;670
18/01/02;662
19/01/02;418
20/01/02;492
21/01/02;656
22/01/02;660
23/01/02;659
24/01/02;674
25/01/02;673
26/01/02;428
27/01/02;489
28/01/02;655
29/01/02;656
30/01/02;657
31/01/02;660
01/02/02;670
02/02/02;406
03/02/02;482
04/02/02;674
05/02/02;670
06/02/02;668
07/02/02;689
08/02/02;717
09/02/02;471
10/02/02;475
11/02/02;667
12/02/02;692
13/02/02;719
14/02/02;690
15/02/02;685
16/02/02;418
17/02/02;505
18/02/02;674
19/02/02;668
20/02/02;676
21/02/02;706
22/02/02;701
23/02/02;407
24/02/02;498
25/02/02;671
26/02/02;672
27/02/02;674
28/02/02;678
01/03/02;693
02/03/02;400
03/03/02;483
04/03/02;686
05/03/02;682
06/03/02;670
07/03/02;670
08/03/02;673
09/03/02;382
10/03/02;471
11/03/02;674
12/03/02;680
13/03/02;666
14/03/02;696
15/03/02;698
16/03/02;388
17/03/02;498
18/03/02;702
19/03/02;696
20/03/02;694
21/03/02;698
22/03/02;695
23/03/02;385
24/03/02;479
25/03/02;700
26/03/02;696
27/03/02;706
28/03/02;706
29/03/02;690
30/03/02;384
31/03/02;507
01/04/02;707
02/04/02;700
03/04/02;699
04/04/02;696
05/04/02;690
06/04/02;422
07/04/02;492
08/04/02;685
09/04/02;693
10/04/02;691
11/04/02;697
12/04/02;697
13/04/02;432
14/04/02;495
15/04/02;694
16/04/02;695
17/04/02;691
18/04/02;696
19/04/02;693
20/04/02;427
21/04/02;492
22/04/02;687
23/04/02;686
24/04/02;687
25/04/02;699
26/04/02;698
27/04/02;420
28/04/02;490
29/04/02;689
30/04/02;692
01/05/02;693
02/05/02;697
03/05/02;678
04/05/02;426
05/05/02;494
06/05/02;693
07/05/02;684
08/05/02;696
09/05/02;683
10/05/02;683
11/05/02;431
12/05/02;498
13/05/02;682
14/05/02;681
15/05/02;684
16/05/02;690
17/05/02;695
18/05/02;439
19/05/02;502
20/05/02;706
21/05/02;708
22/05/02;715
23/05/02;683
24/05/02;699
25/05/02;429
26/05/02;498
27/05/02;681
28/05/02;685
29/05/02;701
30/05/02;718
31/05/02;685
01/06/02;430
02/06/02;542
03/06/02;683
04/06/02;684
05/06/02;684
06/06/02;695
07/06/02;706
08/06/02;447
09/06/02;503
10/06/02;692
11/06/02;705
12/06/02;699
13/06/02;726
14/06/02;699
15/06/02;446
16/06/02;508
17/06/02;683
18/06/02;693
19/06/02;683
20/06/02;685
21/06/02;710
22/06/02;437
23/06/02;512
24/06/02;692
25/06/02;685
26/06/02;687
27/06/02;696
28/06/02;696
29/06/02;458
30/06/02;539
01/07/02;686
02/07/02;670
03/07/02;660
04/07/02;667
05/07/02;670
06/07/02;476
07/07/02;548
08/07/02;662
09/07/02;665
10/07/02;671
11/07/02;684
12/07/02;674
13/07/02;477
14/07/02;534
15/07/02;670
16/07/02;664
17/07/02;666
18/07/02;662
19/07/02;658
20/07/02;472
21/07/02;547
22/07/02;663
23/07/02;658
24/07/02;661
25/07/02;681
26/07/02;683
27/07/02;471
28/07/02;546
29/07/02;661
30/07/02;665
31/07/02;682
01/08/02;695
02/08/02;685
03/08/02;455
04/08/02;531
05/08/02;676
06/08/02;681
07/08/02;664
08/08/02;671
09/08/02;667
10/08/02;424
11/08/02;494
12/08/02;662
13/08/02;662
14/08/02;667
15/08/02;677
16/08/02;675
17/08/02;431
18/08/02;500
19/08/02;674
20/08/02;669
21/08/02;686
22/08/02;679
23/08/02;669
24/08/02;444
25/08/02;494
26/08/02;665
27/08/02;660
28/08/02;660
29/08/02;674
30/08/02;676
31/08/02;433
01/09/02;503
02/09/02;671
03/09/02;671
04/09/02;667
05/09/02;663
06/09/02;682
07/09/02;437
08/09/02;493
09/09/02;672
10/09/02;671
11/09/02;666
12/09/02;670
13/09/02;671
14/09/02;423
15/09/02;495
16/09/02;672
17/09/02;667
18/09/02;678
19/09/02;680
20/09/02;681
21/09/02;436
22/09/02;510
23/09/02;716
24/09/02;759
25/09/02;713
26/09/02;703
27/09/02;708
28/09/02;486
29/09/02;540
30/09/02;712
01/10/02;709
02/10/02;710
03/10/02;711
04/10/02;715
05/10/02;494
06/10/02;541
07/10/02;719
08/10/02;711
09/10/02;719
10/10/02;721
11/10/02;716
12/10/02;502
13/10/02;555
14/10/02;712
15/10/02;716
16/10/02;713
17/10/02;713
18/10/02;709
19/10/02;496
20/10/02;556
21/10/02;709
22/10/02;710
23/10/02;712
24/10/02;707
25/10/02;701
26/10/02;482
27/10/02;539
28/10/02;710
29/10/02;710
30/10/02;720
31/10/02;714
01/11/02;709
02/11/02;478
03/11/02;540
04/11/02;723
05/11/02;717
06/11/02;734
07/11/02;725
08/11/02;719
09/11/02;489
10/11/02;564
11/11/02;731
12/11/02;735
13/11/02;735
14/11/02;735
15/11/02;713
16/11/02;458
17/11/02;553
18/11/02;730
19/11/02;732
20/11/02;727
21/11/02;740
22/11/02;729
23/11/02;486
24/11/02;562
25/11/02;729
26/11/02;729
27/11/02;723
28/11/02;735
29/11/02;722
30/11/02;490
01/12/02;561
02/12/02;735
03/12/02;727
04/12/02;725
05/12/02;727
06/12/02;720
07/12/02;481
08/12/02;542
09/12/02;741
10/12/02;723
11/12/02;726
12/12/02;738
13/12/02;736
14/12/02;515
15/12/02;571
16/12/02;736
17/12/02;722
18/12/02;723
19/12/02;737
20/12/02;740
21/12/02;520
22/12/02;574
23/12/02;717
24/12/02;705
25/12/02;702
26/12/02;743
27/12/02;732
28/12/02;536
29/12/02;596
30/12/02;713
31/12/02;694
01/01/03;705
02/01/03;730
03/01/03;731
04/01/03;534
05/01/03;606
06/01/03;739
07/01/03;729
08/01/03;721
09/01/03;726
10/01/03;729
11/01/03;523
12/01/03;590
13/01/03;720
14/01/03;717
15/01/03;721
16/01/03;735
17/01/03;721
18/01/03;537
19/01/03;593
20/01/03;720
21/01/03;723
22/01/03;715
23/01/03;737
24/01/03;714
25/01/03;527
26/01/03;622
27/01/03;728
28/01/03;729
29/01/03;712
30/01/03;722
31/01/03;705
01/02/03;527
02/02/03;602
03/02/03;740
04/02/03;727
05/02/03;732
06/02/03;729
07/02/03;743
08/02/03;520
09/02/03;591
10/02/03;732
11/02/03;723
12/02/03;729
13/02/03;741
14/02/03;740
15/02/03;516
16/02/03;580
17/02/03;761
18/02/03;743
19/02/03;738
20/02/03;749
21/02/03;761
22/02/03;526
23/02/03;565
24/02/03;758
25/02/03;741
26/02/03;737
27/02/03;749
28/02/03;760
01/03/03;563
02/03/03;524
03/03/03;675
04/03/03;719
05/03/03;752
06/03/03;749
07/03/03;743
08/03/03;545
09/03/03;609
10/03/03;832
11/03/03;829
12/03/03;828
13/03/03;840
14/03/03;844
15/03/03;587
16/03/03;657
17/03/03;810
18/03/03;809
19/03/03;814
20/03/03;816
21/03/03;814
22/03/03;544
23/03/03;620
24/03/03;815
25/03/03;815
26/03/03;817
27/03/03;816
28/03/03;808
29/03/03;526
30/03/03;607
31/03/03;804
01/04/03;809
02/04/03;805
03/04/03;819
04/04/03;819
05/04/03;530
06/04/03;619
07/04/03;781
08/04/03;770
09/04/03;764
10/04/03;793
11/04/03;800
12/04/03;543
13/04/03;621
14/04/03;789
15/04/03;789
16/04/03;770
17/04/03;796
18/04/03;762
19/04/03;460
20/04/03;547
21/04/03;786
22/04/03;779
23/04/03;772
24/04/03;791
25/04/03;786
26/04/03;531
27/04/03;605
28/04/03;771
29/04/03;773
30/04/03;777
01/05/03;745
02/05/03;707
03/05/03;493
04/05/03;600
05/05/03;775
06/05/03;769
07/05/03;771
08/05/03;773
09/05/03;774
10/05/03;536
11/05/03;603
12/05/03;775
13/05/03;788
14/05/03;791
15/05/03;533
16/05/03;531
17/05/03;382
18/05/03;436
19/05/03;515
20/05/03;522
21/05/03;525
22/05/03;529
23/05/03;534
24/05/03;374
25/05/03;424
26/05/03;524
27/05/03;522
28/05/03;532
29/05/03;531
30/05/03;528
31/05/03;364
01/06/03;430
02/06/03;526
03/06/03;530
04/06/03;528
05/06/03;530
06/06/03;531
07/06/03;374
08/06/03;428
09/06/03;528
10/06/03;525
11/06/03;526
12/06/03;534
13/06/03;526
14/06/03;386
15/06/03;441
16/06/03;535
17/06/03;526
18/06/03;543
19/06/03;553
20/06/03;528
21/06/03;380
22/06/03;449
23/06/03;534
24/06/03;531
25/06/03;535
26/06/03;544
27/06/03;541
28/06/03;413
29/06/03;452
30/06/03;543
01/07/03;546
02/07/03;543
03/07/03;559
04/07/03;551
05/07/03;424
06/07/03;469
07/07/03;542
08/07/03;552
09/07/03;541
10/07/03;569
11/07/03;551
12/07/03;426
13/07/03;480
14/07/03;542
15/07/03;530
16/07/03;533
17/07/03;549
18/07/03;545
19/07/03;425
20/07/03;474
21/07/03;538
22/07/03;532
23/07/03;539
24/07/03;546
25/07/03;538
26/07/03;411
27/07/03;472
28/07/03;542
29/07/03;528
30/07/03;530
31/07/03;547
01/08/03;542
02/08/03;411
03/08/03;466
04/08/03;534
05/08/03;524
06/08/03;536
07/08/03;540
08/08/03;528
09/08/03;363
10/08/03;426
11/08/03;526
12/08/03;530
13/08/03;529
14/08/03;537
15/08/03;526
16/08/03;356
17/08/03;429
18/08/03;528
19/08/03;529
20/08/03;529
21/08/03;536
22/08/03;543
23/08/03;358
24/08/03;434
25/08/03;531
26/08/03;540
27/08/03;524
28/08/03;539
29/08/03;533
30/08/03;363
31/08/03;426
01/09/03;528
02/09/03;528
03/09/03;528
04/09/03;535
05/09/03;534
06/09/03;361
07/09/03;425
08/09/03;530
09/09/03;540
10/09/03;541
11/09/03;532
12/09/03;532
13/09/03;364
14/09/03;431
15/09/03;526
16/09/03;527
17/09/03;530
18/09/03;532
19/09/03;530
20/09/03;366
21/09/03;432
22/09/03;528
23/09/03;536
24/09/03;537
25/09/03;538
26/09/03;536
27/09/03;370
28/09/03;429
29/09/03;546
30/09/03;534
01/10/03;541
02/10/03;545
03/10/03;538
04/10/03;385
05/10/03;436
06/10/03;535
07/10/03;539
08/10/03;555
09/10/03;558
10/10/03;544
11/10/03;401
12/10/03;457
13/10/03;541
14/10/03;542
15/10/03;546
16/10/03;551
17/10/03;547
18/10/03;384
19/10/03;459
20/10/03;545
21/10/03;541
22/10/03;540
23/10/03;549
24/10/03;535
25/10/03;379
26/10/03;444
27/10/03;531
28/10/03;532
29/10/03;532
30/10/03;538
31/10/03;533
01/11/03;371
02/11/03;445
03/11/03;537
04/11/03;540
05/11/03;538
06/11/03;551
07/11/03;556
08/11/03;379
09/11/03;439
10/11/03;536
11/11/03;537
12/11/03;540
13/11/03;546
14/11/03;555
15/11/03;377
16/11/03;442
17/11/03;548
18/11/03;536
19/11/03;545
20/11/03;552
21/11/03;554
22/11/03;377
23/11/03;434
24/11/03;539
25/11/03;536
26/11/03;536
27/11/03;536
28/11/03;537
29/11/03;377
30/11/03;437
01/12/03;550
02/12/03;541
03/12/03;538
04/12/03;588
05/12/03;539
06/12/03;378
07/12/03;442
08/12/03;533
09/12/03;534
10/12/03;537
11/12/03;543
12/12/03;541
13/12/03;367
14/12/03;439
15/12/03;499
16/12/03;501
17/12/03;502
18/12/03;505
19/12/03;516
20/12/03;394
21/12/03;441
22/12/03;498
23/12/03;513
24/12/03;483
25/12/03;492
26/12/03;513
27/12/03;401
28/12/03;456
29/12/03;506
30/12/03;503
31/12/03;484
01/01/04;492
02/01/04;522
03/01/04;412
04/01/04;456
05/01/04;503
06/01/04;499
07/01/04;495
08/01/04;505
09/01/04;510
10/01/04;411
11/01/04;461
12/01/04;498
13/01/04;508
14/01/04;496
15/01/04;513
16/01/04;498
17/01/04;392
18/01/04;448
19/01/04;504
20/01/04;495
21/01/04;498
22/01/04;499
23/01/04;499
24/01/04;395
25/01/04;445
26/01/04;509
27/01/04;506
28/01/04;506
29/01/04;513
30/01/04;498
31/01/04;386
01/02/04;440
02/02/04;510
03/02/04;501
04/02/04;491
05/02/04;508
06/02/04;498
07/02/04;376
08/02/04;417
09/02/04;505
10/02/04;504
11/02/04;515
12/02/04;513
13/02/04;502
14/02/04;365
15/02/04;410
16/02/04;514
17/02/04;503
18/02/04;499
19/02/04;507
20/02/04;518
21/02/04;397
22/02/04;412
23/02/04;492
24/02/04;497
25/02/04;520
26/02/04;508
27/02/04;502
28/02/04;377
29/02/04;439
01/03/04;597
02/03/04;512
03/03/04;555
04/03/04;551
05/03/04;561
06/03/04;390
07/03/04;442
08/03/04;547
09/03/04;543
10/03/04;538
11/03/04;543
12/03/04;542
13/03/04;352
14/03/04;413
15/03/04;537
16/03/04;527
17/03/04;527
18/03/04;530
19/03/04;528
20/03/04;390
21/03/04;439
22/03/04;525
23/03/04;528
24/03/04;531
25/03/04;537
26/03/04;543
27/03/04;378
28/03/04;431
29/03/04;533
30/03/04;535
31/03/04;538
01/04/04;538
02/04/04;529
03/04/04;371
04/04/04;431
05/04/04;534
06/04/04;531
07/04/04;535
08/04/04;554
09/04/04;540
10/04/04;374
11/04/04;451
12/04/04;542
13/04/04;537
14/04/04;549
15/04/04;539
16/04/04;536
17/04/04;382
18/04/04;441
19/04/04;532
20/04/04;540
21/04/04;540
22/04/04;539
23/04/04;529
24/04/04;378
25/04/04;442
26/04/04;540
27/04/04;534
28/04/04;533
29/04/04;543
30/04/04;543
01/05/04;367
02/05/04;431
03/05/04;538
04/05/04;545
05/05/04;537
06/05/04;541
07/05/04;540
08/05/04;359
09/05/04;420
10/05/04;533
11/05/04;530
12/05/04;530
13/05/04;543
14/05/04;532
15/05/04;373
16/05/04;435
17/05/04;536
18/05/04;539
19/05/04;536
20/05/04;539
21/05/04;539
22/05/04;377
23/05/04;442
24/05/04;547
25/05/04;550
26/05/04;534
27/05/04;542
28/05/04;541
29/05/04;363
30/05/04;442
31/05/04;537
01/06/04;533
02/06/04;540
03/06/04;554
04/06/04;538
05/06/04;368
06/06/04;433
07/06/04;536
08/06/04;533
09/06/04;541
10/06/04;553
11/06/04;543
12/06/04;377
13/06/04;442
14/06/04;536
15/06/04;534
16/06/04;546
17/06/04;551
18/06/04;537
19/06/04;372
20/06/04;433
21/06/04;540
22/06/04;538
23/06/04;543
24/06/04;544
25/06/04;536
26/06/04;383
27/06/04;451
28/06/04;555
29/06/04;541
30/06/04;545
01/07/04;557
02/07/04;565
03/07/04;412
04/07/04;482
05/07/04;566
06/07/04;551
07/07/04;548
08/07/04;577
09/07/04;570
10/07/04;417
11/07/04;488
12/07/04;564
13/07/04;551
14/07/04;554
15/07/04;567
16/07/04;577
17/07/04;436
18/07/04;488
19/07/04;577
20/07/04;573
21/07/04;555
22/07/04;557
23/07/04;568
24/07/04;411
25/07/04;476
26/07/04;566
27/07/04;547
28/07/04;550
29/07/04;566
30/07/04;564
31/07/04;409
01/08/04;86
02/08/04;157
03/08/04;157
04/08/04;157
05/08/04;157
06/08/04;157
07/08/04;111
08/08/04;88
09/08/04;154
10/08/04;154
11/08/04;154
12/08/04;154
13/08/04;154
14/08/04;111
15/08/04;86
16/08/04;156
17/08/04;156
18/08/04;156
19/08/04;156
20/08/04;156
21/08/04;111
22/08/04;88
23/08/04;156
24/08/04;156
25/08/04;156
26/08/04;156
27/08/04;156
28/08/04;111
29/08/04;88
30/08/04;156
31/08/04;156
01/09/04;554
02/09/04;552
03/09/04;569
04/09/04;420
05/09/04;447
06/09/04;544
07/09/04;571
08/09/04;562
09/09/04;560
10/09/04;570
11/09/04;387
12/09/04;459
13/09/04;572
14/09/04;551
15/09/04;548
16/09/04;554
17/09/04;562
18/09/04;390
19/09/04;453
20/09/04;559
21/09/04;548
22/09/04;556
23/09/04;568
24/09/04;574
25/09/04;417
26/09/04;490
27/09/04;577
28/09/04;566
29/09/04;580
30/09/04;587
01/10/04;593
02/10/04;393
03/10/04;472
04/10/04;590
05/10/04;563
06/10/04;572
07/10/04;572
08/10/04;591
09/10/04;422
10/10/04;477
11/10/04;577
12/10/04;589
13/10/04;595
14/10/04;590
15/10/04;589
16/10/04;409
17/10/04;488
18/10/04;589
19/10/04;580
20/10/04;582
21/10/04;584
22/10/04;582
23/10/04;388
24/10/04;469
25/10/04;579
26/10/04;578
27/10/04;578
28/10/04;573
29/10/04;582
30/10/04;417
31/10/04;467
01/11/04;576
02/11/04;569
03/11/04;576
04/11/04;583
05/11/04;585
06/11/04;394
07/11/04;464
08/11/04;579
09/11/04;579
10/11/04;582
11/11/04;595
12/11/04;600
13/11/04;406
14/11/04;466
15/11/04;596
01/12/04;599
02/12/04;599
03/12/04;606
04/12/04;400
05/12/04;462
06/12/04;588
07/12/04;588
08/12/04;591
09/12/04;594
10/12/04;600
11/12/04;412
12/12/04;469
13/12/04;593
14/12/04;586
15/12/04;590
16/12/04;597
17/12/04;597
18/12/04;405
19/12/04;500
20/12/04;576
21/12/04;562
22/12/04;568
23/12/04;582
24/12/04;568
25/12/04;397
26/12/04;466
27/12/04;584
28/12/04;569
29/12/04;564
30/12/04;568
31/12/04;571
01/01/05;393
02/01/05;481
03/01/05;577
04/01/05;578
05/01/05;568
06/01/05;568
07/01/05;571
08/01/05;403
09/01/05;467
10/01/05;573
11/01/05;568
12/01/05;565
13/01/05;568
14/01/05;574
15/01/05;403
16/01/05;455
17/01/05;574
18/01/05;572
19/01/05;574
20/01/05;581
21/01/05;577
22/01/05;410
23/01/05;461
24/01/05;570
25/01/05;581
26/01/05;570
27/01/05;566
28/01/05;529
29/01/05;380
30/01/05;438
31/01/05;529
01/02/05;522
02/02/05;535
03/02/05;531
04/02/05;542
05/02/05;403
06/02/05;422
07/02/05;520
08/02/05;525
09/02/05;540
10/02/05;522
11/02/05;530
12/02/05;369
13/02/05;429
14/02/05;525
15/02/05;517
16/02/05;516
17/02/05;525
18/02/05;539
19/02/05;374
20/02/05;430
21/02/05;535
22/02/05;529
23/02/05;530
24/02/05;535
25/02/05;553
26/02/05;377
27/02/05;432
28/02/05;539
01/03/05;534
02/03/05;536
03/03/05;547
04/03/05;552
05/03/05;378
06/03/05;426
07/03/05;540
08/03/05;544
09/03/05;534
10/03/05;530
11/03/05;532
12/03/05;354
13/03/05;440
14/03/05;550
15/03/05;546
16/03/05;543
17/03/05;542
18/03/05;537
19/03/05;366
20/03/05;436
21/03/05;532
22/03/05;544
23/03/05;545
24/03/05;548
25/03/05;541
26/03/05;356
27/03/05;436
28/03/05;535
29/03/05;533
30/03/05;537
31/03/05;536
01/04/05;550
02/04/05;365
03/04/05;435
04/04/05;554
05/04/05;541
06/04/05;537
07/04/05;546
08/04/05;549
09/04/05;372
10/04/05;427
11/04/05;545
12/04/05;549
13/04/05;541
14/04/05;547
15/04/05;540
16/04/05;369
17/04/05;434
18/04/05;534
19/04/05;533
20/04/05;556
21/04/05;558
22/04/05;543
23/04/05;372
24/04/05;443
25/04/05;545
26/04/05;540
27/04/05;539
28/04/05;541
29/04/05;546
30/04/05;374
01/05/05;262
02/05/05;373
03/05/05;371
04/05/05;368
05/05/05;369
06/05/05;364
07/05/05;263
08/05/05;275
09/05/05;366
10/05/05;369
11/05/05;374
12/05/05;374
13/05/05;366
14/05/05;274
15/05/05;286
16/05/05;366
17/05/05;375
18/05/05;370
19/05/05;365
20/05/05;365
21/05/05;282
22/05/05;290
23/05/05;369
24/05/05;380
25/05/05;394
26/05/05;389
27/05/05;359
28/05/05;285
29/05/05;307
30/05/05;370
31/05/05;363
01/06/05;613
02/06/05;613
03/06/05;610
04/06/05;424
05/06/05;476
06/06/05;612
07/06/05;613
08/06/05;613
09/06/05;613
10/06/05;619
11/06/05;439
12/06/05;482
13/06/05;615
14/06/05;609
15/06/05;622
16/06/05;608
17/06/05;599
18/06/05;440
19/06/05;500
20/06/05;612
21/06/05;610
22/06/05;603
23/06/05;604
24/06/05;605
25/06/05;467
26/06/05;504
27/06/05;600
28/06/05;601
29/06/05;609
30/06/05;612
01/07/05;608
02/07/05;485
03/07/05;520
04/07/05;628
05/07/05;622
06/07/05;629
07/07/05;616
08/07/05;621
09/07/05;495
10/07/05;539
11/07/05;635
12/07/05;611
13/07/05;610
14/07/05;617
15/07/05;630
16/07/05;477
17/07/05;529
18/07/05;604
19/07/05;617
20/07/05;614
21/07/05;604
22/07/05;639
23/07/05;495
24/07/05;534
25/07/05;613
26/07/05;606
27/07/05;611
28/07/05;613
29/07/05;608
30/07/05;478
31/07/05;541
01/08/05;637
02/08/05;621
03/08/05;626
04/08/05;633
05/08/05;625
06/08/05;464
07/08/05;511
08/08/05;641
09/08/05;645
10/08/05;661
11/08/05;656
12/08/05;658
13/08/05;449
14/08/05;521
15/08/05;686
16/08/05;650
17/08/05;659
18/08/05;661
19/08/05;649
20/08/05;479
21/08/05;525
22/08/05;649
23/08/05;647
24/08/05;654
25/08/05;649
26/08/05;634
27/08/05;455
28/08/05;513
29/08/05;627
30/08/05;635
31/08/05;641
01/09/05;645
02/09/05;644
03/09/05;461
04/09/05;528
05/09/05;645
06/09/05;627
07/09/05;641
08/09/05;637
09/09/05;629
10/09/05;506
11/09/05;543
12/09/05;647
13/09/05;649
14/09/05;648
15/09/05;642
16/09/05;631
17/09/05;511
18/09/05;537
19/09/05;644
20/09/05;627
21/09/05;640
22/09/05;647
23/09/05;645
24/09/05;473
25/09/05;542
26/09/05;653
27/09/05;635
28/09/05;636
29/09/05;638
30/09/05;639
01/10/05;477
02/10/05;534
03/10/05;640
04/10/05;636
05/10/05;639
06/10/05;628
07/10/05;637
08/10/05;472
09/10/05;534
10/10/05;636
11/10/05;627
12/10/05;625
13/10/05;639
14/10/05;639
15/10/05;478
16/10/05;537
17/10/05;629
18/10/05;620
19/10/05;633
20/10/05;628
21/10/05;626
22/10/05;474
23/10/05;517
24/10/05;638
25/10/05;623
26/10/05;626
27/10/05;632
28/10/05;643
29/10/05;450
30/10/05;486
31/10/05;630
01/11/05;625
02/11/05;629
03/11/05;633
04/11/05;631
05/11/05;434
06/11/05;491
07/11/05;627
08/11/05;621
09/11/05;626
10/11/05;623
11/11/05;632
12/11/05;434
13/11/05;470
14/11/05;611
15/11/05;619
16/11/05;628
17/11/05;627
18/11/05;622
19/11/05;420
20/11/05;481
21/11/05;628
22/11/05;617
23/11/05;634
24/11/05;641
25/11/05;634
26/11/05;441
27/11/05;495
28/11/05;641
29/11/05;628
30/11/05;627
01/12/05;640
02/12/05;640
03/12/05;434
04/12/05;499
05/12/05;641
06/12/05;622
07/12/05;631
08/12/05;643
09/12/05;649
10/12/05;446
11/12/05;499
12/12/05;652
13/12/05;635
14/12/05;646
15/12/05;640
16/12/05;648
17/12/05;456
18/12/05;509
19/12/05;657
20/12/05;647
21/12/05;656
22/12/05;648
23/12/05;637
24/12/05;445
25/12/05;480
26/12/05;635
27/12/05;639
28/12/05;643
29/12/05;631
30/12/05;635
31/12/05;440
01/01/06;491
02/01/06;623
03/01/06;613
04/01/06;631
05/01/06;621
06/01/06;620
07/01/06;450
08/01/06;487
09/01/06;619
10/01/06;611
11/01/06;617
12/01/06;617
13/01/06;633
14/01/06;451
15/01/06;486
16/01/06;611
17/01/06;612
18/01/06;615
19/01/06;618
20/01/06;615
21/01/06;466
22/01/06;496
23/01/06;627
24/01/06;619
25/01/06;624
26/01/06;617
27/01/06;628
28/01/06;468
29/01/06;509
30/01/06;628
31/01/06;631
01/02/06;615
02/02/06;613
03/02/06;621
04/02/06;460
05/02/06;505
06/02/06;616
07/02/06;614
08/02/06;623
09/02/06;622
10/02/06;634
11/02/06;461
12/02/06;505
13/02/06;616
14/02/06;613
15/02/06;619
16/02/06;614
17/02/06;619
18/02/06;452
19/02/06;507
20/02/06;623
21/02/06;618
22/02/06;622
23/02/06;630
24/02/06;642
25/02/06;486
26/02/06;503
27/02/06;609
28/02/06;637
01/03/06;652
02/03/06;623
03/03/06;620
04/03/06;476
05/03/06;523
06/03/06;653
07/03/06;663
08/03/06;671
09/03/06;662
10/03/06;663
11/03/06;457
12/03/06;511
13/03/06;657
14/03/06;658
15/03/06;660
16/03/06;661
17/03/06;662
18/03/06;451
19/03/06;505
20/03/06;664
21/03/06;654
22/03/06;670
23/03/06;659
24/03/06;658
25/03/06;444
26/03/06;507
27/03/06;655
28/03/06;646
29/03/06;657
30/03/06;656
31/03/06;655
01/04/06;460
02/04/06;505
03/04/06;652
04/04/06;650
05/04/06;656
06/04/06;662
07/04/06;654
08/04/06;460
09/04/06;524
10/04/06;655
11/04/06;642
12/04/06;651
13/04/06;654
14/04/06;642
15/04/06;452
16/04/06;516
17/04/06;687
18/04/06;651
19/04/06;655
20/04/06;656
21/04/06;653
22/04/06;443
23/04/06;522
24/04/06;653
25/04/06;645
26/04/06;647
27/04/06;650
28/04/06;657
29/04/06;454
30/04/06;487
01/05/06;652
02/05/06;645
03/05/06;651
04/05/06;656
05/05/06;651
06/05/06;456
07/05/06;505
08/05/06;655
09/05/06;646
10/05/06;657
11/05/06;652
12/05/06;653
13/05/06;453
14/05/06;497
15/05/06;668
16/05/06;651
17/05/06;656
18/05/06;667
19/05/06;665
20/05/06;459
21/05/06;519
22/05/06;668
23/05/06;674
24/05/06;672
25/05/06;661
26/05/06;662
27/05/06;456
28/05/06;510
29/05/06;659
30/05/06;652
31/05/06;660
01/06/06;664
02/06/06;659
03/06/06;452
04/06/06;508
05/06/06;661
06/06/06;654
07/06/06;670
08/06/06;670
09/06/06;664
10/06/06;458
11/06/06;509
12/06/06;667
13/06/06;654
14/06/06;665
15/06/06;674
16/06/06;640
17/06/06;452
18/06/06;525
19/06/06;674
20/06/06;648
21/06/06;646
22/06/06;659
23/06/06;666
24/06/06;477
25/06/06;534
26/06/06;666
27/06/06;645
28/06/06;656
29/06/06;660
30/06/06;653
01/07/06;477
02/07/06;543
03/07/06;665
04/07/06;650
05/07/06;664
06/07/06;661
07/07/06;655
08/07/06;491
09/07/06;537
10/07/06;661
11/07/06;650
12/07/06;654
13/07/06;660
14/07/06;655
15/07/06;485
16/07/06;541
17/07/06;664
18/07/06;649
19/07/06;670
20/07/06;666
21/07/06;668
22/07/06;494
23/07/06;541
24/07/06;659
25/07/06;650
26/07/06;656
27/07/06;667
28/07/06;671
29/07/06;484
30/07/06;534
31/07/06;673
01/08/06;659
02/08/06;671
03/08/06;663
04/08/06;661
05/08/06;471
06/08/06;539
07/08/06;667
08/08/06;661
09/08/06;652
10/08/06;656
11/08/06;654
12/08/06;454
13/08/06;521
14/08/06;667
15/08/06;669
16/08/06;656
17/08/06;669
18/08/06;663
19/08/06;465
20/08/06;519
21/08/06;655
22/08/06;661
23/08/06;648
24/08/06;656
25/08/06;654
26/08/06;477
27/08/06;522
28/08/06;649
29/08/06;646
30/08/06;638
31/08/06;635
01/09/06;604
02/09/06;428
03/09/06;475
04/09/06;601
05/09/06;590
06/09/06;599
07/09/06;606
08/09/06;585
09/09/06;423
10/09/06;483
11/09/06;602
12/09/06;591
13/09/06;591
14/09/06;599
15/09/06;596
16/09/06;430
17/09/06;471
18/09/06;604
19/09/06;588
20/09/06;595
21/09/06;596
22/09/06;595
23/09/06;421
24/09/06;455
25/09/06;580
26/09/06;579
27/09/06;584
28/09/06;587
29/09/06;582
30/09/06;420
01/10/06;457
02/10/06;607
03/10/06;588
04/10/06;577
05/10/06;589
06/10/06;591
07/10/06;439
08/10/06;458
09/10/06;587
10/10/06;583
11/10/06;584
12/10/06;608
13/10/06;582
14/10/06;420
15/10/06;472
16/10/06;596
17/10/06;592
18/10/06;581
19/10/06;594
20/10/06;588
21/10/06;424
22/10/06;451
23/10/06;584
24/10/06;583
25/10/06;577
26/10/06;588
27/10/06;585
28/10/06;418
29/10/06;452
30/10/06;578
31/10/06;586
01/11/06;586
02/11/06;593
03/11/06;580
04/11/06;412
05/11/06;446
06/11/06;585
07/11/06;580
08/11/06;573
09/11/06;584
10/11/06;588
11/11/06;404
12/11/06;442
13/11/06;587
14/11/06;589
15/11/06;576
16/11/06;581
17/11/06;580
18/11/06;405
19/11/06;439
20/11/06;601
21/11/06;583
22/11/06;577
23/11/06;578
24/11/06;580
25/11/06;396
26/11/06;444
27/11/06;588
28/11/06;587
29/11/06;591
30/11/06;609
01/12/06;587
02/12/06;401
03/12/06;453
04/12/06;602
05/12/06;599
06/12/06;605
07/12/06;608
08/12/06;612
09/12/06;420
10/12/06;462
11/12/06;612
12/12/06;594
13/12/06;596
14/12/06;596
15/12/06;646
16/12/06;462
17/12/06;524
18/12/06;669
19/12/06;652
20/12/06;657
21/12/06;664
22/12/06;668
23/12/06;521
24/12/06;550
25/12/06;660
26/12/06;678
27/12/06;662
28/12/06;654
29/12/06;659
30/12/06;485
31/12/06;437
01/01/07;574
02/01/07;589
03/01/07;577
04/01/07;579
05/01/07;672
06/01/07;495
07/01/07;545
08/01/07;661
09/01/07;655
10/01/07;652
11/01/07;649
12/01/07;645
13/01/07;506
14/01/07;567
15/01/07;665
16/01/07;671
17/01/07;674
18/01/07;682
19/01/07;675
20/01/07;501
21/01/07;545
22/01/07;676
23/01/07;666
24/01/07;661
25/01/07;668
26/01/07;644
27/01/07;475
28/01/07;543
29/01/07;647
30/01/07;648
31/01/07;635
01/02/07;640
02/02/07;638
03/02/07;463
04/02/07;524
05/02/07;637
06/02/07;632
07/02/07;621
08/02/07;637
09/02/07;644
10/02/07;442
11/02/07;527
12/02/07;632
13/02/07;622
14/02/07;625
15/02/07;667
16/02/07;630
17/02/07;472
18/02/07;510
19/02/07;612
20/02/07;628
21/02/07;638
22/02/07;626
23/02/07;603
24/02/07;440
25/02/07;519
26/02/07;609
27/02/07;626
28/02/07;618
01/03/07;628
02/03/07;648
03/03/07;454
04/03/07;505
05/03/07;664
06/03/07;673
07/03/07;672
08/03/07;673
09/03/07;670
10/03/07;471
11/03/07;536
12/03/07;675
13/03/07;675
14/03/07;668
15/03/07;680
16/03/07;680
17/03/07;485
18/03/07;526
19/03/07;684
20/03/07;671
21/03/07;667
22/03/07;674
23/03/07;677
24/03/07;472
25/03/07;539
26/03/07;673
27/03/07;662
28/03/07;667
29/03/07;675
30/03/07;685
31/03/07;499
01/04/07;537
02/04/07;659
03/04/07;670
04/04/07;665
05/04/07;676
06/04/07;648
07/04/07;450
08/04/07;534
09/04/07;677
10/04/07;709
11/04/07;705
12/04/07;710
13/04/07;710
14/04/07;489
15/04/07;568
16/04/07;709
17/04/07;704
18/04/07;699
19/04/07;691
20/04/07;682
21/04/07;488
22/04/07;554
23/04/07;674
24/04/07;663
25/04/07;656
26/04/07;672
27/04/07;676
28/04/07;476
29/04/07;507
30/04/07;642
01/05/07;716
02/05/07;714
03/05/07;719
04/05/07;723
05/05/07;534
06/05/07;588
07/05/07;716
08/05/07;731
09/05/07;725
10/05/07;718
11/05/07;684
12/05/07;503
13/05/07;540
14/05/07;693
15/05/07;684
16/05/07;678
17/05/07;685
18/05/07;671
19/05/07;471
20/05/07;529
21/05/07;679
22/05/07;679
23/05/07;674
24/05/07;685
25/05/07;646
26/05/07;447
27/05/07;494
28/05/07;653
29/05/07;645
30/05/07;636
31/05/07;645
01/06/07;620
02/06/07;440
03/06/07;486
04/06/07;622
05/06/07;625
06/06/07;624
07/06/07;632
08/06/07;620
09/06/07;432
10/06/07;490
11/06/07;628
12/06/07;628
13/06/07;619
14/06/07;625
15/06/07;614
16/06/07;438
17/06/07;474
18/06/07;626
19/06/07;621
20/06/07;625
21/06/07;633
22/06/07;624
23/06/07;442
24/06/07;482
25/06/07;630
26/06/07;634
27/06/07;643
28/06/07;625
29/06/07;625
30/06/07;468
01/07/07;566
02/07/07;679
03/07/07;683
04/07/07;682
05/07/07;680
06/07/07;680
07/07/07;483
08/07/07;570
09/07/07;689
10/07/07;685
11/07/07;678
12/07/07;675
13/07/07;687
14/07/07;531
15/07/07;572
16/07/07;686
17/07/07;662
18/07/07;642
19/07/07;679
20/07/07;658
21/07/07;474
22/07/07;520
23/07/07;609
24/07/07;599
25/07/07;615
26/07/07;658
27/07/07;652
28/07/07;455
29/07/07;509
30/07/07;653
31/07/07;656
01/08/07;656
02/08/07;664
03/08/07;665
04/08/07;477
05/08/07;494
06/08/07;675
07/08/07;657
08/08/07;655
09/08/07;663
10/08/07;633
11/08/07;408
12/08/07;472
13/08/07;627
14/08/07;628
15/08/07;616
16/08/07;613
17/08/07;612
18/08/07;399
19/08/07;457
20/08/07;616
21/08/07;626
22/08/07;611
23/08/07;622
24/08/07;616
25/08/07;400
26/08/07;461
27/08/07;622
28/08/07;634
29/08/07;626
30/08/07;630
31/08/07;632
01/09/07;414
02/09/07;464
03/09/07;642
04/09/07;637
05/09/07;627
06/09/07;629
07/09/07;627
08/09/07;400
09/09/07;470
10/09/07;637
11/09/07;629
12/09/07;628
13/09/07;626
14/09/07;630
15/09/07;406
16/09/07;461
17/09/07;628
18/09/07;633
19/09/07;625
20/09/07;627
21/09/07;627
22/09/07;401
23/09/07;463
24/09/07;648
25/09/07;634
26/09/07;627
27/09/07;634
28/09/07;647
29/09/07;406
30/09/07;461
01/10/07;720
02/10/07;714
03/10/07;713
04/10/07;713
05/10/07;714
06/10/07;504
07/10/07;553
08/10/07;720
09/10/07;703
10/10/07;718
11/10/07;715
12/10/07;705
13/10/07;466
14/10/07;529
15/10/07;682
16/10/07;682
17/10/07;683
18/10/07;633
19/10/07;655
20/10/07;434
21/10/07;475
22/10/07;636
23/10/07;669
24/10/07;700
25/10/07;676
26/10/07;650
27/10/07;435
28/10/07;496
29/10/07;639
30/10/07;629
31/10/07;623
01/11/07;608
02/11/07;613
03/11/07;390
04/11/07;470
05/11/07;652
06/11/07;608
07/11/07;604
08/11/07;619
09/11/07;610
10/11/07;405
11/11/07;456
12/11/07;619
13/11/07;600
14/11/07;591
15/11/07;605
16/11/07;588
17/11/07;386
18/11/07;457
19/11/07;599
20/11/07;603
21/11/07;593
22/11/07;597
23/11/07;584
24/11/07;387
25/11/07;442
26/11/07;580
27/11/07;583
28/11/07;579
29/11/07;589
30/11/07;575
01/12/07;380
02/12/07;441
03/12/07;565
04/12/07;565
05/12/07;571
06/12/07;572
07/12/07;585
08/12/07;394
09/12/07;448
10/12/07;573
11/12/07;571
12/12/07;575
13/12/07;588
14/12/07;577
15/12/07;364
16/12/07;433
17/12/07;551
18/12/07;550
19/12/07;560
20/12/07;560
21/12/07;525
22/12/07;350
23/12/07;398
24/12/07;503
25/12/07;498
26/12/07;507
27/12/07;507
28/12/07;510
29/12/07;334
30/12/07;403
31/12/07;501
01/01/08;499
02/01/08;511
03/01/08;502
04/01/08;505
05/01/08;341
06/01/08;394
07/01/08;501
08/01/08;500
09/01/08;495
10/01/08;498
11/01/08;504
12/01/08;343
13/01/08;392
14/01/08;506
15/01/08;504
16/01/08;500
17/01/08;497
18/01/08;502
19/01/08;338
20/01/08;395
21/01/08;503
22/01/08;500
23/01/08;501
24/01/08;497
25/01/08;504
26/01/08;335
27/01/08;397
28/01/08;506
29/01/08;517
30/01/08;502
31/01/08;506
01/02/08;497
02/02/08;335
03/02/08;392
04/02/08;491
05/02/08;491
06/02/08;496
07/02/08;493
08/02/08;492
09/02/08;329
10/02/08;393
11/02/08;530
12/02/08;521
13/02/08;524
14/02/08;521
15/02/08;528
16/02/08;345
17/02/08;407
18/02/08;537
19/02/08;525
20/02/08;529
21/02/08;532
22/02/08;532
23/02/08;346
24/02/08;404
25/02/08;529
26/02/08;530
27/02/08;521
28/02/08;520
29/02/08;524
01/03/08;343
02/03/08;402
03/03/08;525
04/03/08;521
05/03/08;522
06/03/08;519
07/03/08;523
08/03/08;341
09/03/08;401
10/03/08;523
11/03/08;531
12/03/08;527
13/03/08;526
14/03/08;537
15/03/08;342
16/03/08;435
17/03/08;557
18/03/08;553
19/03/08;554
20/03/08;555
21/03/08;550
22/03/08;357
23/03/08;440
24/03/08;535
25/03/08;526
26/03/08;521
27/03/08;508
28/03/08;514
29/03/08;354
30/03/08;398
31/03/08;523
01/04/08;487
02/04/08;496
03/04/08;504
04/04/08;507
05/04/08;342
06/04/08;380
07/04/08;513
08/04/08;503
09/04/08;499
10/04/08;503
11/04/08;503
12/04/08;345
13/04/08;388
14/04/08;506
15/04/08;525
16/04/08;509
17/04/08;500
18/04/08;507
19/04/08;350
20/04/08;381
21/04/08;517
22/04/08;507
23/04/08;503
24/04/08;502
25/04/08;504
26/04/08;347
27/04/08;383
28/04/08;505
29/04/08;505
30/04/08;513
01/05/08;507
02/05/08;508
03/05/08;340
04/05/08;381
05/05/08;503
06/05/08;503
07/05/08;507
08/05/08;505
09/05/08;506
10/05/08;344
11/05/08;381
12/05/08;505
13/05/08;504
14/05/08;507
15/05/08;510
16/05/08;502
17/05/08;341
18/05/08;382
19/05/08;500
20/05/08;499
21/05/08;506
22/05/08;501
23/05/08;505
24/05/08;337
25/05/08;383
26/05/08;502
27/05/08;511
28/05/08;510
29/05/08;508
30/05/08;515
31/05/08;367
01/06/08;394
02/06/08;501
03/06/08;507
04/06/08;498
05/06/08;498
06/06/08;514
07/06/08;358
08/06/08;401
09/06/08;515
10/06/08;508
11/06/08;507
12/06/08;508
13/06/08;504
14/06/08;351
15/06/08;385
16/06/08;502
17/06/08;504
18/06/08;518
19/06/08;505
20/06/08;502
21/06/08;365
22/06/08;393
23/06/08;507
24/06/08;507
25/06/08;519
26/06/08;508
27/06/08;501
28/06/08;360
29/06/08;392
30/06/08;508
01/07/08;510
02/07/08;501
03/07/08;503
04/07/08;520
05/07/08;372
06/07/08;398
07/07/08;510
08/07/08;501
09/07/08;503
10/07/08;507
11/07/08;504
12/07/08;365
13/07/08;396
14/07/08;502
15/07/08;504
16/07/08;501
17/07/08;507
18/07/08;500
19/07/08;369
20/07/08;395
21/07/08;502
22/07/08;502
23/07/08;499
24/07/08;501
25/07/08;501
26/07/08;362
27/07/08;392
28/07/08;499
29/07/08;503
30/07/08;504
31/07/08;499
01/08/08;503
02/08/08;366
03/08/08;396
04/08/08;507
05/08/08;507
06/08/08;504
07/08/08;509
08/08/08;511
09/08/08;367
10/08/08;395
11/08/08;503
12/08/08;514
13/08/08;504
14/08/08;507
15/08/08;504
16/08/08;364
17/08/08;400
18/08/08;504
19/08/08;504
20/08/08;506
21/08/08;507
22/08/08;503
23/08/08;365
24/08/08;398
25/08/08;510
26/08/08;513
27/08/08;506
28/08/08;505
29/08/08;503
30/08/08;355
31/08/08;397
01/09/08;504
02/09/08;507
03/09/08;508
04/09/08;513
05/09/08;515
06/09/08;363
07/09/08;397
08/09/08;507
09/09/08;509
10/09/08;505
11/09/08;509
12/09/08;507
13/09/08;373
14/09/08;398
15/09/08;524
16/09/08;519
17/09/08;506
18/09/08;511
19/09/08;505
20/09/08;378
21/09/08;405
22/09/08;510
23/09/08;509
24/09/08;509
25/09/08;513
26/09/08;511
27/09/08;373
28/09/08;402
29/09/08;504
30/09/08;505
01/10/08;543
02/10/08;522
03/10/08;522
04/10/08;377
05/10/08;417
06/10/08;518
07/10/08;521
08/10/08;527
09/10/08;518
10/10/08;517
11/10/08;382
12/10/08;423
13/10/08;518
14/10/08;526
15/10/08;521
01/11/08;354
02/11/08;390
03/11/08;510
04/11/08;510
05/11/08;509
06/11/08;518
07/11/08;512
08/11/08;354
09/11/08;391
10/11/08;514
11/11/08;516
12/11/08;530
13/11/08;516
14/11/08;513
15/11/08;355
16/11/08;391
17/11/08;517
18/11/08;511
19/11/08;510
20/11/08;514
21/11/08;513
22/11/08;360
23/11/08;400
24/11/08;524
25/11/08;511
26/11/08;506
27/11/08;520
28/11/08;513
29/11/08;356
30/11/08;389
01/12/08;506
02/12/08;510
03/12/08;508
04/12/08;503
05/12/08;507
06/12/08;354
07/12/08;388
08/12/08;502
09/12/08;507
10/12/08;514
11/12/08;514
12/12/08;516
13/12/08;358
14/12/08;388
15/12/08;520
16/12/08;520
17/12/08;517
18/12/08;513
19/12/08;514
20/12/08;359
21/12/08;396
22/12/08;523
23/12/08;517
24/12/08;509
25/12/08;512
26/12/08;516
27/12/08;373
28/12/08;391
29/12/08;513
30/12/08;510
31/12/08;508
01/01/09;504
02/01/09;517
03/01/09;367
04/01/09;395
05/01/09;520
06/01/09;519
07/01/09;514
08/01/09;514
09/01/09;516
10/01/09;360
11/01/09;394
12/01/09;514
13/01/09;517
14/01/09;525
15/01/09;525
16/01/09;508
17/01/09;357
18/01/09;391
19/01/09;510
20/01/09;510
21/01/09;511
22/01/09;508
23/01/09;508
24/01/09;363
25/01/09;396
26/01/09;522
27/01/09;513
28/01/09;512
29/01/09;511
30/01/09;509
31/01/09;355
01/02/09;393
02/02/09;517
03/02/09;512
04/02/09;513
05/02/09;515
06/02/09;510
07/02/09;333
08/02/09;392
09/02/09;514
10/02/09;516
11/02/09;512
12/02/09;517
13/02/09;513
14/02/09;352
15/02/09;387
16/02/09;518
17/02/09;515
18/02/09;514
19/02/09;513
20/02/09;514
21/02/09;369
22/02/09;382
23/02/09;516
24/02/09;515
25/02/09;520
26/02/09;512
27/02/09;515
28/02/09;352
01/03/09;389
02/03/09;518
03/03/09;513
04/03/09;514
05/03/09;512
06/03/09;510
07/03/09;353
08/03/09;392
09/03/09;521
10/03/09;515
11/03/09;511
12/03/09;515
13/03/09;517
14/03/09;354
15/03/09;386
16/03/09;508
17/03/09;522
18/03/09;510
19/03/09;508
20/03/09;511
21/03/09;347
22/03/09;380
23/03/09;509
24/03/09;509
25/03/09;517
26/03/09;507
27/03/09;509
28/03/09;347
29/03/09;379
30/03/09;511
31/03/09;508
01/04/09;512
02/04/09;507
03/04/09;505
04/04/09;338
05/04/09;373
06/04/09;512
07/04/09;513
08/04/09;513
09/04/09;506
10/04/09;507
11/04/09;339
12/04/09;372
13/04/09;508
14/04/09;509
15/04/09;512
16/04/09;511
17/04/09;508
18/04/09;340
19/04/09;373
20/04/09;509
21/04/09;513
22/04/09;514
23/04/09;510
24/04/09;507
25/04/09;339
26/04/09;377
27/04/09;507
28/04/09;512
29/04/09;506
30/04/09;512
01/05/09;506
02/05/09;340
03/05/09;368
04/05/09;520
05/05/09;510
06/05/09;506
07/05/09;509
08/05/09;507
09/05/09;336
10/05/09;371
11/05/09;512
12/05/09;513
13/05/09;509
14/05/09;510
15/05/09;514
16/05/09;340
17/05/09;373
18/05/09;508
19/05/09;509
20/05/09;506
21/05/09;505
22/05/09;506
23/05/09;336
24/05/09;370
25/05/09;509
26/05/09;503
27/05/09;510
28/05/09;503
29/05/09;508
30/05/09;334
31/05/09;375
01/06/09;513
02/06/09;505
03/06/09;507
04/06/09;507
05/06/09;506
06/06/09;333
07/06/09;371
08/06/09;505
09/06/09;505
10/06/09;512
11/06/09;518
12/06/09;505
13/06/09;337
14/06/09;376
15/06/09;512
16/06/09;508
17/06/09;510
18/06/09;506
19/06/09;504
20/06/09;343
21/06/09;377
22/06/09;509
23/06/09;523
24/06/09;509
25/06/09;514
26/06/09;505
27/06/09;351
28/06/09;386
29/06/09;509
30/06/09;504
01/07/09;502
02/07/09;507
03/07/09;512
05/07/09;390
06/07/09;509
07/07/09;507
08/07/09;504
09/07/09;511
10/07/09;512
11/07/09;373
12/07/09;390
13/07/09;510
14/07/09;508
15/07/09;501
16/07/09;502
17/07/09;510
18/07/09;368
19/07/09;391
20/07/09;522
21/07/09;506
22/07/09;506
23/07/09;507
24/07/09;514
25/07/09;378
26/07/09;392
27/07/09;520
28/07/09;512
29/07/09;506
30/07/09;514
31/07/09;511
01/08/09;363
02/08/09;390
03/08/09;514
04/08/09;510
05/08/09;507
06/08/09;509
07/08/09;504
08/08/09;348
09/08/09;377
10/08/09;513
11/08/09;505
12/08/09;501
13/08/09;503
14/08/09;505
15/08/09;345
16/08/09;373
17/08/09;502
18/08/09;504
19/08/09;504
20/08/09;510
21/08/09;503
22/08/09;336
23/08/09;373
24/08/09;500
25/08/09;502
26/08/09;499
27/08/09;505
28/08/09;504
29/08/09;332
30/08/09;362
31/08/09;498
01/09/09;503
02/09/09;499
03/09/09;508
04/09/09;510
05/09/09;339
06/09/09;366
07/09/09;502
08/09/09;526
09/09/09;515
10/09/09;500
11/09/09;504
12/09/09;348
13/09/09;373
14/09/09;503
15/09/09;500
16/09/09;500
17/09/09;505
18/09/09;504
19/09/09;343
20/09/09;374
21/09/09;508
22/09/09;505
23/09/09;513
24/09/09;506
26/09/09;333
27/09/09;371
28/09/09;511
29/09/09;505
30/09/09;502
01/10/09;502
02/10/09;501
03/10/09;330
04/10/09;366
05/10/09;504
06/10/09;503
07/10/09;504
08/10/09;549
09/10/09;564
10/10/09;356
11/10/09;369
12/10/09;517
13/10/09;501
14/10/09;498
15/10/09;509
16/10/09;502
17/10/09;348
18/10/09;376
19/10/09;510
20/10/09;508
21/10/09;500
22/10/09;503
23/10/09;499
24/10/09;342
25/10/09;369
26/10/09;504
27/10/09;515
28/10/09;506
29/10/09;508
30/10/09;504
31/10/09;337
01/11/09;378
02/11/09;503
03/11/09;504
04/11/09;502
05/11/09;507
06/11/09;504
07/11/09;326
08/11/09;377
09/11/09;506
10/11/09;511
11/11/09;527
12/11/09;517
13/11/09;503
14/11/09;333
15/11/09;370
16/11/09;509
17/11/09;502
18/11/09;504
19/11/09;506
20/11/09;516
21/11/09;333
22/11/09;367
23/11/09;510
24/11/09;508
25/11/09;514
26/11/09;515
27/11/09;512
28/11/09;328
29/11/09;377
30/11/09;507
01/12/09;509
02/12/09;505
03/12/09;515
04/12/09;524
05/12/09;359
06/12/09;377
07/12/09;514
08/12/09;518
09/12/09;516
10/12/09;510
11/12/09;506
12/12/09;344
13/12/09;382
14/12/09;511
15/12/09;502
16/12/09;506
17/12/09;516
18/12/09;516
19/12/09;355
20/12/09;384
21/12/09;504
22/12/09;505
23/12/09;502
24/12/09;511
25/12/09;507
26/12/09;360
27/12/09;391
28/12/09;521
29/12/09;519
30/12/09;540
31/12/09;544
01/01/10;508
02/01/10;352
03/01/10;386
04/01/10;514
05/01/10;512
06/01/10;524
07/01/10;507
08/01/10;507
09/01/10;332
10/01/10;370
11/01/10;506
12/01/10;508
13/01/10;507
14/01/10;496
15/01/10;498
16/01/10;357
17/01/10;385
18/01/10;505
19/01/10;504
20/01/10;503
21/01/10;517
22/01/10;532
23/01/10;359
24/01/10;384
25/01/10;505
26/01/10;511
27/01/10;493
28/01/10;500
29/01/10;506
30/01/10;348
31/01/10;382
01/02/10;493
02/02/10;492
03/02/10;493
04/02/10;498
05/02/10;490
06/02/10;350
07/02/10;382
08/02/10;494
09/02/10;497
10/02/10;493
11/02/10;491
12/02/10;502
13/02/10;341
14/02/10;357
15/02/10;488
16/02/10;496
17/02/10;511
18/02/10;512
19/02/10;496
20/02/10;345
21/02/10;378
22/02/10;509
23/02/10;496
24/02/10;492
25/02/10;499
26/02/10;494
27/02/10;331
28/02/10;366
01/03/10;512
02/03/10;494
03/03/10;495
04/03/10;498
05/03/10;503
06/03/10;338
07/03/10;371
08/03/10;492
09/03/10;492
10/03/10;491
11/03/10;495
12/03/10;495
13/03/10;327
14/03/10;368
15/03/10;499
16/03/10;495
17/03/10;495
18/03/10;493
19/03/10;492
20/03/10;328
21/03/10;359
22/03/10;493
23/03/10;493
24/03/10;496
25/03/10;492
26/03/10;495
27/03/10;324
28/03/10;362
29/03/10;497
30/03/10;495
31/03/10;498
01/04/10;495
02/04/10;489
03/04/10;332
04/04/10;379
05/04/10;513
06/04/10;499
07/04/10;502
08/04/10;494
09/04/10;500
10/04/10;333
11/04/10;366
12/04/10;508
13/04/10;498
14/04/10;498
15/04/10;497
16/04/10;503
17/04/10;354
18/04/10;380
19/04/10;503
20/04/10;496
21/04/10;497
22/04/10;503
23/04/10;503
24/04/10;357
25/04/10;391
26/04/10;502
27/04/10;500
28/04/10;496
29/04/10;494
30/04/10;496
01/05/10;366
02/05/10;392
03/05/10;496
04/05/10;500
05/05/10;495
06/05/10;500
07/05/10;501
08/05/10;393
09/05/10;408
10/05/10;501
11/05/10;499
12/05/10;503
13/05/10;502
14/05/10;499
15/05/10;392
16/05/10;412
17/05/10;506
18/05/10;514
19/05/10;508
20/05/10;502
21/05/10;504
22/05/10;396
23/05/10;408
24/05/10;501
25/05/10;503
26/05/10;498
27/05/10;501
28/05/10;506
29/05/10;400
30/05/10;419
31/05/10;505
01/06/10;510
02/06/10;502
03/06/10;500
04/06/10;498
05/06/10;389
06/06/10;416
07/06/10;501
08/06/10;495
09/06/10;499
10/06/10;508
11/06/10;508
12/06/10;396
13/06/10;411
14/06/10;501
15/06/10;502
16/06/10;500
17/06/10;511
18/06/10;506
19/06/10;395
20/06/10;420
21/06/10;522
22/06/10;512
23/06/10;500
24/06/10;502
25/06/10;502
26/06/10;404
27/06/10;430
28/06/10;509
29/06/10;501
30/06/10;509
01/07/10;509
02/07/10;512
03/07/10;420
04/07/10;436
05/07/10;504
06/07/10;502
07/07/10;501
08/07/10;506
09/07/10;498
10/07/10;394
11/07/10;426
12/07/10;502
13/07/10;503
14/07/10;509
15/07/10;508
16/07/10;518
17/07/10;419
18/07/10;451
19/07/10;510
20/07/10;502
21/07/10;502
22/07/10;505
23/07/10;504
24/07/10;408
25/07/10;441
26/07/10;505
27/07/10;496
28/07/10;500
29/07/10;499
30/07/10;505
31/07/10;408
01/08/10;445
02/08/10;514
03/08/10;507
04/08/10;510
05/08/10;510
06/08/10;501
07/08/10;396
08/08/10;418
09/08/10;511
10/08/10;504
11/08/10;505
12/08/10;531
13/08/10;502
14/08/10;397
15/08/10;413
16/08/10;503
17/08/10;509
18/08/10;499
19/08/10;503
20/08/10;504
21/08/10;397
22/08/10;426
23/08/10;505
24/08/10;501
25/08/10;499
26/08/10;503
27/08/10;503
28/08/10;392
29/08/10;419
30/08/10;507
31/08/10;506
01/09/10;502
02/09/10;511
03/09/10;506
04/09/10;394
05/09/10;412
06/09/10;501
07/09/10;503
08/09/10;505
09/09/10;504
10/09/10;497
11/09/10;390
12/09/10;417
13/09/10;498
14/09/10;501
15/09/10;497
16/09/10;498
17/09/10;502
18/09/10;392
19/09/10;416
20/09/10;501
21/09/10;503
22/09/10;498
23/09/10;501
24/09/10;507
25/09/10;398
26/09/10;419
27/09/10;529
28/09/10;510
29/09/10;504
30/09/10;509
01/10/10;504
02/10/10;403
03/10/10;415
04/10/10;498
05/10/10;498
06/10/10;502
07/10/10;517
08/10/10;513
09/10/10;403
10/10/10;414
11/10/10;499
12/10/10;503
13/10/10;499
14/10/10;497
15/10/10;504
16/10/10;408
17/10/10;433
18/10/10;507
19/10/10;502
20/10/10;498
21/10/10;497
22/10/10;499
23/10/10;406
24/10/10;419
25/10/10;508
26/10/10;514
27/10/10;503
28/10/10;498
29/10/10;498
30/10/10;401
31/10/10;416
01/11/10;505
02/11/10;509
03/11/10;500
04/11/10;500
05/11/10;508
06/11/10;401
07/11/10;422
08/11/10;505
09/11/10;506
10/11/10;510
11/11/10;501
12/11/10;501
13/11/10;390
14/11/10;415
15/11/10;505
16/11/10;503
17/11/10;511
18/11/10;508
19/11/10;502
20/11/10;401
21/11/10;420
22/11/10;513
23/11/10;512
24/11/10;505
25/11/10;507
26/11/10;505
27/11/10;390
28/11/10;416
29/11/10;500
30/11/10;513
01/12/10;505
02/12/10;507
03/12/10;499
04/12/10;388
05/12/10;422
06/12/10;505
07/12/10;502
08/12/10;500
09/12/10;500
10/12/10;502
11/12/10;401
12/12/10;422
13/12/10;524
14/12/10;513
15/12/10;511
16/12/10;511
17/12/10;507
18/12/10;409
19/12/10;431
20/12/10;504
21/12/10;510
22/12/10;511
23/12/10;516
24/12/10;508
25/12/10;415
26/12/10;441
27/12/10;508
28/12/10;508
29/12/10;501
30/12/10;510
31/12/10;508
01/01/11;411
02/01/11;440
03/01/11;510
04/01/11;513
05/01/11;507
06/01/11;507
07/01/11;504
08/01/11;410
09/01/11;435
10/01/11;516
11/01/11;513
12/01/11;508
13/01/11;514
14/01/11;519
15/01/11;417
16/01/11;440
17/01/11;507
18/01/11;509
19/01/11;511
20/01/11;502
21/01/11;507
22/01/11;413
23/01/11;435
24/01/11;515
25/01/11;500
26/01/11;499
27/01/11;504
28/01/11;502
29/01/11;407
30/01/11;432
31/01/11;501
01/02/11;504
02/02/11;507
03/02/11;502
04/02/11;501
05/02/11;397
06/02/11;432
07/02/11;503
08/02/11;499
09/02/11;501
10/02/11;502
11/02/11;499
12/02/11;394
13/02/11;428
14/02/11;500
15/02/11;505
16/02/11;512
17/02/11;505
18/02/11;498
19/02/11;393
20/02/11;423
21/02/11;506
22/02/11;503
23/02/11;500
24/02/11;500
25/02/11;508
26/02/11;399
27/02/11;428
28/02/11;515
01/03/11;503
02/03/11;510
03/03/11;510
04/03/11;506
05/03/11;414
06/03/11;421
07/03/11;499
08/03/11;504
09/03/11;503
10/03/11;504
11/03/11;501
12/03/11;403
13/03/11;431
14/03/11;508
15/03/11;505
16/03/11;504
17/03/11;501
18/03/11;507
19/03/11;393
20/03/11;423
21/03/11;508
22/03/11;506
23/03/11;503
24/03/11;500
25/03/11;498
26/03/11;394
27/03/11;422
28/03/11;502
29/03/11;503
30/03/11;500
31/03/11;516
01/04/11;499
02/04/11;395
03/04/11;423
04/04/11;507
05/04/11;510
06/04/11;498
07/04/11;499
08/04/11;500
09/04/11;393
10/04/11;419
11/04/11;505
12/04/11;508
13/04/11;504
14/04/11;505
15/04/11;500
16/04/11;401
17/04/11;418
18/04/11;506
19/04/11;499
20/04/11;504
21/04/11;508
22/04/11;498
23/04/11;396
24/04/11;431
25/04/11;508
26/04/11;503
27/04/11;503
28/04/11;509
29/04/11;503
30/04/11;393
01/05/11;420
02/05/11;512
03/05/11;501
04/05/11;503
05/05/11;499
06/05/11;505
07/05/11;392
08/05/11;415
09/05/11;505
10/05/11;507
11/05/11;504
12/05/11;505
13/05/11;520
14/05/11;394
15/05/11;419
16/05/11;504
17/05/11;507
18/05/11;502
19/05/11;500
20/05/11;498
21/05/11;390
22/05/11;419
23/05/11;501
24/05/11;502
25/05/11;502
26/05/11;502
27/05/11;519
28/05/11;390
29/05/11;417
30/05/11;499
31/05/11;503
01/06/11;508
02/06/11;509
03/06/11;512
04/06/11;385
05/06/11;411
06/06/11;499
07/06/11;511
08/06/11;520
09/06/11;527
10/06/11;513
11/06/11;394
12/06/11;421
13/06/11;500
14/06/11;498
15/06/11;503
16/06/11;503
17/06/11;503
18/06/11;392
19/06/11;427
20/06/11;503
21/06/11;503
22/06/11;509
23/06/11;512
24/06/11;513
25/06/11;392
26/06/11;426
27/06/11;507
28/06/11;500
29/06/11;502
30/06/11;503
01/07/11;511
02/07/11;399
03/07/11;424
04/07/11;505
05/07/11;500
06/07/11;501
07/07/11;500
08/07/11;505
09/07/11;388
10/07/11;423
11/07/11;501
12/07/11;499
13/07/11;501
14/07/11;503
15/07/11;507
16/07/11;403
17/07/11;425
18/07/11;501
19/07/11;501
20/07/11;502
21/07/11;508
22/07/11;508
23/07/11;394
24/07/11;427
25/07/11;501
26/07/11;501
27/07/11;499
28/07/11;501
29/07/11;505
30/07/11;411
31/07/11;434
01/08/11;516
02/08/11;502
03/08/11;499
04/08/11;501
05/08/11;498
06/08/11;381
07/08/11;413
08/08/11;508
09/08/11;507
10/08/11;504
11/08/11;503
12/08/11;502
13/08/11;377
14/08/11;415
15/08/11;509
16/08/11;509
17/08/11;502
18/08/11;504
19/08/11;505
20/08/11;383
21/08/11;412
22/08/11;498
23/08/11;512
24/08/11;505
25/08/11;503
26/08/11;499
27/08/11;382
28/08/11;414
29/08/11;504
30/08/11;502
31/08/11;503
01/09/11;498
02/09/11;503
03/09/11;381
04/09/11;410
05/09/11;502
06/09/11;503
07/09/11;510
08/09/11;504
09/09/11;507
10/09/11;385
11/09/11;419
12/09/11;502
13/09/11;500
14/09/11;502
15/09/11;509
16/09/11;506
17/09/11;388
18/09/11;417
19/09/11;501
20/09/11;504
21/09/11;505
22/09/11;502
23/09/11;510
24/09/11;395
25/09/11;421
26/09/11;502
27/09/11;504
28/09/11;498
29/09/11;499
30/09/11;501
01/10/11;394
02/10/11;417
03/10/11;509
04/10/11;503
05/10/11;502
06/10/11;502
07/10/11;508
08/10/11;403
09/10/11;426
10/10/11;510
11/10/11;499
12/10/11;506
13/10/11;515
14/10/11;515
15/10/11;397
16/10/11;429
17/10/11;522
18/10/11;507
19/10/11;505
20/10/11;502
21/10/11;500
22/10/11;383
23/10/11;408
24/10/11;498
25/10/11;502
26/10/11;501
27/10/11;503
28/10/11;502
29/10/11;385
30/10/11;417
31/10/11;497
01/11/11;498
02/11/11;506
03/11/11;498
04/11/11;499
05/11/11;379
06/11/11;415
07/11/11;505
08/11/11;499
09/11/11;500
10/11/11;499
11/11/11;496
12/11/11;380
13/11/11;410
14/11/11;518
15/11/11;512
16/11/11;514
17/11/11;504
18/11/11;497
19/11/11;379
20/11/11;407
21/11/11;498
22/11/11;510
23/11/11;507
24/11/11;501
25/11/11;502
26/11/11;388
27/11/11;413
28/11/11;509
29/11/11;507
30/11/11;499
01/12/11;501
02/12/11;499
03/12/11;376
04/12/11;418
05/12/11;500
06/12/11;497
07/12/11;499
08/12/11;513
09/12/11;514
10/12/11;378
11/12/11;410
12/12/11;503
13/12/11;512
14/12/11;504
15/12/11;509
16/12/11;506
17/12/11;379
18/12/11;413
19/12/11;508
20/12/11;502
21/12/11;499
22/12/11;502
23/12/11;510
24/12/11;389
25/12/11;415
26/12/11;505
27/12/11;504
28/12/11;506
29/12/11;500
30/12/11;503
31/12/11;385
01/01/12;413
02/01/12;535
03/01/12;503
04/01/12;502
05/01/12;503
06/01/12;507
07/01/12;388
08/01/12;418
09/01/12;503
10/01/12;506
11/01/12;502
12/01/12;505
13/01/12;508
14/01/12;390
15/01/12;416
16/01/12;502
17/01/12;507
18/01/12;504
19/01/12;514
20/01/12;507
21/01/12;387
22/01/12;414
23/01/12;515
24/01/12;506
25/01/12;511
26/01/12;504
27/01/12;512
28/01/12;393
29/01/12;414
30/01/12;502
31/01/12;505
01/02/12;500
02/02/12;499
03/02/12;496
04/02/12;382
05/02/12;412
06/02/12;500
07/02/12;499
08/02/12;501
09/02/12;499
10/02/12;515
11/02/12;383
12/02/12;421
13/02/12;499
14/02/12;499
15/02/12;504
16/02/12;500
17/02/12;498
18/02/12;395
19/02/12;413
20/02/12;499
21/02/12;503
22/02/12;501
23/02/12;500
24/02/12;502
25/02/12;380
26/02/12;415
27/02/12;501
28/02/12;498
29/02/12;499
01/03/12;506
02/03/12;507
03/03/12;378
04/03/12;406
05/03/12;499
06/03/12;501
07/03/12;498
08/03/12;500
09/03/12;497
10/03/12;379
11/03/12;412
12/03/12;499
13/03/12;504
14/03/12;505
15/03/12;502
16/03/12;501
17/03/12;374
18/03/12;407
19/03/12;500
20/03/12;500
21/03/12;501
22/03/12;503
23/03/12;502
24/03/12;384
25/03/12;415
26/03/12;505
27/03/12;499
28/03/12;509
29/03/12;508
30/03/12;502
31/03/12;379
01/04/12;412
02/04/12;504
03/04/12;499
04/04/12;502
05/04/12;506
06/04/12;502
07/04/12;378
08/04/12;422
09/04/12;524
10/04/12;501
11/04/12;503
12/04/12;506
13/04/12;501
14/04/12;377
15/04/12;410
16/04/12;521
17/04/12;501
18/04/12;506
19/04/12;502
20/04/12;501
21/04/12;381
22/04/12;415
23/04/12;499
24/04/12;500
25/04/12;506
26/04/12;511
27/04/12;516
28/04/12;386
29/04/12;408
30/04/12;507
01/05/12;517
02/05/12;499
03/05/12;499
04/05/12;498
05/05/12;378
06/05/12;404
07/05/12;499
08/05/12;513
09/05/12;503
10/05/12;501
11/05/12;504
12/05/12;383
13/05/12;411
14/05/12;505
15/05/12;502
16/05/12;503
17/05/12;502
18/05/12;501
19/05/12;377
20/05/12;411
21/05/12;502
22/05/12;499
23/05/12;507
24/05/12;502
25/05/12;505
26/05/12;378
27/05/12;409
28/05/12;525
29/05/12;504
30/05/12;507
31/05/12;499
01/06/12;503
02/06/12;375
03/06/12;407
04/06/12;503
05/06/12;505
06/06/12;527
07/06/12;528
08/06/12;517
09/06/12;386
10/06/12;412
11/06/12;520
12/06/12;506
13/06/12;524
14/06/12;500
15/06/12;510
16/06/12;386
17/06/12;408
18/06/12;504
19/06/12;507
20/06/12;512
21/06/12;504
22/06/12;511
23/06/12;383
24/06/12;410
25/06/12;517
26/06/12;501
27/06/12;501
28/06/12;504
29/06/12;502
30/06/12;392
01/07/12;424
02/07/12;502
03/07/12;500
04/07/12;497
05/07/12;502
06/07/12;506
07/07/12;405
08/07/12;426
09/07/12;500
10/07/12;498
11/07/12;499
12/07/12;509
13/07/12;505
14/07/12;401
15/07/12;430
16/07/12;503
17/07/12;510
18/07/12;501
19/07/12;500
20/07/12;514
21/07/12;402
22/07/12;426
23/07/12;499
24/07/12;520
25/07/12;505
26/07/12;497
27/07/12;501
28/07/12;405
29/07/12;422
30/07/12;503
31/07/12;507
01/08/12;509
02/08/12;500
03/08/12;503
04/08/12;381
05/08/12;426
06/08/12;504
07/08/12;497
08/08/12;497
09/08/12;501
10/08/12;520
11/08/12;383
12/08/12;410
13/08/12;501
14/08/12;501
15/08/12;500
16/08/12;508
17/08/12;501
18/08/12;380
19/08/12;410
20/08/12;500
21/08/12;498
22/08/12;501
23/08/12;497
24/08/12;502
25/08/12;385
26/08/12;409
27/08/12;503
28/08/12;506
29/08/12;504
30/08/12;503
31/08/12;501
01/09/12;385
02/09/12;410
03/09/12;502
04/09/12;501
05/09/12;499
06/09/12;503
07/09/12;499
08/09/12;380
09/09/12;417
10/09/12;517
11/09/12;507
12/09/12;502
13/09/12;503
14/09/12;498
15/09/12;378
16/09/12;411
17/09/12;506
18/09/12;499
19/09/12;500
20/09/12;500
21/09/12;523
22/09/12;398
23/09/12;412
24/09/12;500
25/09/12;510
26/09/12;504
27/09/12;501
28/09/12;501
29/09/12;386
30/09/12;414
01/10/12;499
02/10/12;502
03/10/12;498
04/10/12;500
05/10/12;501
06/10/12;390
07/10/12;421
08/10/12;499
09/10/12;500
10/10/12;505
11/10/12;515
12/10/12;509
13/10/12;386
14/10/12;430
15/10/12;504
16/10/12;499
17/10/12;499
18/10/12;498
19/10/12;498
20/10/12;393
21/10/12;429
22/10/12;508
23/10/12;502
24/10/12;502
25/10/12;503
26/10/12;505
27/10/12;399
28/10/12;422
29/10/12;505
30/10/12;497
31/10/12;499
01/11/12;503
02/11/12;501
03/11/12;380
04/11/12;411
05/11/12;500
06/11/12;501
07/11/12;503
08/11/12;503
09/11/12;509
10/11/12;396
11/11/12;434
12/11/12;516
13/11/12;516
14/11/12;509
15/11/12;502
16/11/12;497
17/11/12;388
18/11/12;425
19/11/12;501
20/11/12;503
21/11/12;507
22/11/12;498
23/11/12;502
24/11/12;389
25/11/12;424
26/11/12;500
27/11/12;512
28/11/12;503
29/11/12;509
30/11/12;499
01/12/12;393
02/12/12;422
03/12/12;506
04/12/12;501
05/12/12;497
06/12/12;515
07/12/12;506
08/12/12;386
09/12/12;420
10/12/12;505
11/12/12;502
12/12/12;502
13/12/12;507
14/12/12;509
15/12/12;388
16/12/12;422
17/12/12;505
18/12/12;500
19/12/12;508
20/12/12;510
21/12/12;513
22/12/12;393
23/12/12;424
24/12/12;501
25/12/12;496
26/12/12;503
27/12/12;509
28/12/12;504
29/12/12;382
30/12/12;408
31/12/12;498
01/01/13;504
02/01/13;502
03/01/13;501
04/01/13;498
05/01/13;393
06/01/13;434
07/01/13;504
08/01/13;505
09/01/13;500
10/01/13;519
11/01/13;508
12/01/13;394
13/01/13;432
14/01/13;507
15/01/13;512
16/01/13;509
17/01/13;512
18/01/13;502
19/01/13;403
20/01/13;431
21/01/13;500
22/01/13;505
23/01/13;499
24/01/13;501
25/01/13;504
26/01/13;401
27/01/13;432
28/01/13;509
29/01/13;516
30/01/13;498
31/01/13;501
01/02/13;508
02/02/13;392
03/02/13;420
04/02/13;504
05/02/13;504
06/02/13;501
07/02/13;500
08/02/13;507
09/02/13;397
10/02/13;412
11/02/13;499
12/02/13;500
13/02/13;501
14/02/13;508
15/02/13;497
16/02/13;385
17/02/13;417
18/02/13;505
19/02/13;502
20/02/13;499
21/02/13;497
22/02/13;502
23/02/13;536
24/02/13;539
25/02/13;506
26/02/13;510
27/02/13;514
28/02/13;505
01/03/13;505
02/03/13;403
03/03/13;420
04/03/13;508
05/03/13;505
06/03/13;504
07/03/13;501
08/03/13;512
09/03/13;404
10/03/13;423
11/03/13;503
12/03/13;505
13/03/13;503
14/03/13;504
15/03/13;510
16/03/13;399
17/03/13;422
18/03/13;503
19/03/13;502
20/03/13;502
21/03/13;502
22/03/13;497
23/03/13;392
24/03/13;421
25/03/13;499
26/03/13;515
27/03/13;512
28/03/13;502
29/03/13;501
30/03/13;394
31/03/13;420
01/04/13;510
02/04/13;503
03/04/13;505
04/04/13;500
05/04/13;500
06/04/13;393
07/04/13;423
08/04/13;499
09/04/13;500
10/04/13;502
11/04/13;503
12/04/13;506
13/04/13;392
14/04/13;416
15/04/13;512
16/04/13;497
17/04/13;502
18/04/13;501
19/04/13;502
20/04/13;386
21/04/13;418
22/04/13;512
23/04/13;498
24/04/13;501
25/04/13;498
26/04/13;501
27/04/13;396
28/04/13;416
29/04/13;503
30/04/13;497
01/05/13;506
02/05/13;511
03/05/13;511
04/05/13;392
05/05/13;423
06/05/13;506
07/05/13;502
08/05/13;501
09/05/13;502
10/05/13;498
11/05/13;389
12/05/13;413
13/05/13;496
14/05/13;498
15/05/13;499
16/05/13;502
17/05/13;549
18/05/13;395
19/05/13;413
20/05/13;502
21/05/13;502
22/05/13;503
23/05/13;502
24/05/13;502
25/05/13;388
26/05/13;415
27/05/13;499
28/05/13;501
29/05/13;512
30/05/13;512
31/05/13;501
01/06/13;387
02/06/13;423
03/06/13;522
04/06/13;509
05/06/13;508
06/06/13;500
07/06/13;498
08/06/13;385
09/06/13;414
10/06/13;500
11/06/13;500
12/06/13;506
13/06/13;498
14/06/13;509
15/06/13;384
16/06/13;412
17/06/13;500
18/06/13;495
19/06/13;501
20/06/13;521
21/06/13;540
22/06/13;384
23/06/13;414
24/06/13;505
25/06/13;502
26/06/13;499
27/06/13;506
28/06/13;501
29/06/13;411
30/06/13;426
01/07/13;498
02/07/13;505
03/07/13;496
04/07/13;501
05/07/13;508
06/07/13;413
07/07/13;435
08/07/13;504
09/07/13;501
10/07/13;496
11/07/13;503
12/07/13;504
13/07/13;403
14/07/13;433
15/07/13;497
16/07/13;499
17/07/13;500
18/07/13;509
19/07/13;507
20/07/13;403
21/07/13;433
22/07/13;501
23/07/13;515
24/07/13;522
25/07/13;523
26/07/13;501
27/07/13;397
28/07/13;423
29/07/13;499
30/07/13;503
31/07/13;498
01/08/13;506
02/08/13;499
03/08/13;389
04/08/13;423
05/08/13;496
06/08/13;502
07/08/13;499
08/08/13;501
09/08/13;498
10/08/13;376
11/08/13;413
12/08/13;504
13/08/13;505
14/08/13;503
15/08/13;503
16/08/13;502
17/08/13;375
18/08/13;414
19/08/13;499
20/08/13;504
21/08/13;500
22/08/13;499
23/08/13;502
24/08/13;380
25/08/13;419
26/08/13;509
27/08/13;497
28/08/13;500
29/08/13;500
30/08/13;504
31/08/13;378
01/09/13;415
02/09/13;499
03/09/13;503
04/09/13;519
05/09/13;502
06/09/13;500
07/09/13;381
08/09/13;412
09/09/13;509
10/09/13;503
11/09/13;501
12/09/13;497
13/09/13;504
14/09/13;374
15/09/13;416
16/09/13;509
17/09/13;504
18/09/13;502
19/09/13;500
20/09/13;509
21/09/13;380
22/09/13;415
23/09/13;501
24/09/13;502
25/09/13;500
26/09/13;500
27/09/13;499
28/09/13;385
29/09/13;428
30/09/13;504
01/10/13;506
02/10/13;504
03/10/13;533
04/10/13;519
05/10/13;388
06/10/13;430
07/10/13;511
08/10/13;564
09/10/13;559
10/10/13;568
11/10/13;555
12/10/13;524
13/10/13;550
14/10/13;534
15/10/13;542
16/10/13;548
17/10/13;532
18/10/13;546
19/10/13;382
20/10/13;426
21/10/13;500
22/10/13;498
23/10/13;503
24/10/13;513
25/10/13;501
26/10/13;379
27/10/13;421
28/10/13;503
29/10/13;499
30/10/13;500
31/10/13;497
01/11/13;500
03/11/13;415
04/11/13;499
05/11/13;497
06/11/13;511
07/11/13;512
08/11/13;501
09/11/13;375
10/11/13;410
11/11/13;507
12/11/13;501
13/11/13;500
14/11/13;501
15/11/13;500
16/11/13;377
17/11/13;421
18/11/13;503
19/11/13;498
20/11/13;500
21/11/13;501
22/11/13;500
23/11/13;372
24/11/13;417
25/11/13;498
26/11/13;497
27/11/13;502
28/11/13;501
29/11/13;506
30/11/13;379
01/12/13;417
02/12/13;499
03/12/13;502
04/12/13;500
05/12/13;521
06/12/13;516
07/12/13;380
08/12/13;405
09/12/13;498
10/12/13;500
11/12/13;506
12/12/13;500
13/12/13;497
14/12/13;382
15/12/13;414
16/12/13;501
17/12/13;500
18/12/13;507
19/12/13;509
20/12/13;505
21/12/13;399
22/12/13;428
23/12/13;503
24/12/13;505
25/12/13;501
26/12/13;501
27/12/13;503
28/12/13;403
29/12/13;431
30/12/13;505
31/12/13;498
01/01/14;498
02/01/14;498
03/01/14;503
04/01/14;406
05/01/14;433
06/01/14;502
07/01/14;499
08/01/14;498
09/01/14;497
10/01/14;500
11/01/14;397
12/01/14;429
13/01/14;502
14/01/14;503
15/01/14;522
16/01/14;511
17/01/14;506
18/01/14;396
19/01/14;421
20/01/14;501
21/01/14;498
22/01/14;497
23/01/14;503
24/01/14;512
25/01/14;404
26/01/14;424
27/01/14;499
28/01/14;496
29/01/14;498
30/01/14;498
31/01/14;498
01/02/14;387
02/02/14;416
03/02/14;500
04/02/14;497
05/02/14;499
06/02/14;498
07/02/14;500
08/02/14;377
09/02/14;411
10/02/14;502
11/02/14;499
12/02/14;499
13/02/14;501
14/02/14;508
15/02/14;391
16/02/14;420
17/02/14;505
18/02/14;499
19/02/14;503
20/02/14;499
21/02/14;501
22/02/14;383
23/02/14;412
24/02/14;499
25/02/14;496
26/02/14;501
27/02/14;506
28/02/14;504
01/03/14;398
02/03/14;414
03/03/14;499
04/03/14;503
05/03/14;497
06/03/14;502
07/03/14;503
08/03/14;384
09/03/14;418
10/03/14;501
11/03/14;499
12/03/14;502
13/03/14;501
14/03/14;502
15/03/14;377
16/03/14;414
17/03/14;498
18/03/14;502
19/03/14;503
20/03/14;496
21/03/14;501
22/03/14;381
23/03/14;415
24/03/14;496
25/03/14;505
26/03/14;502
27/03/14;498
28/03/14;500
29/03/14;374
30/03/14;419
31/03/14;496
01/04/14;503
02/04/14;501
03/04/14;501
04/04/14;495
05/04/14;373
06/04/14;406
07/04/14;495
08/04/14;500
09/04/14;496
10/04/14;498
11/04/14;494
12/04/14;384
13/04/14;422
14/04/14;531
15/04/14;510
16/04/14;503
17/04/14;496
18/04/14;502
19/04/14;375
20/04/14;410
21/04/14;502
22/04/14;499
23/04/14;497
24/04/14;504
25/04/14;496
26/04/14;374
27/04/14;407
28/04/14;497
29/04/14;496
30/04/14;494
01/05/14;505
02/05/14;497
03/05/14;378
04/05/14;421
05/05/14;501
06/05/14;497
07/05/14;503
08/05/14;500
09/05/14;498
10/05/14;382
11/05/14;412
12/05/14;499
13/05/14;497
14/05/14;498
15/05/14;499
16/05/14;504
17/05/14;378
18/05/14;415
19/05/14;499
20/05/14;503
21/05/14;506
22/05/14;504
23/05/14;501
24/05/14;390
25/05/14;419
26/05/14;517
27/05/14;501
28/05/14;506
29/05/14;497
30/05/14;500
31/05/14;374
01/08/14;503
02/08/14;381
03/08/14;420
04/08/14;502
05/08/14;499
06/08/14;498
07/08/14;502
08/08/14;500
09/08/14;377
10/08/14;412
11/08/14;497
12/08/14;497
13/08/14;507
14/08/14;521
15/08/14;501
16/08/14;371
17/08/14;414
18/08/14;498
19/08/14;500
20/08/14;498
21/08/14;496
22/08/14;506
23/08/14;373
24/08/14;414
25/08/14;500
26/08/14;499
27/08/14;499
28/08/14;496
29/08/14;496
30/08/14;372
31/08/14;412
01/09/14;497
02/09/14;500
03/09/14;500
04/09/14;500
05/09/14;500
06/09/14;376
07/09/14;417
08/09/14;497
09/09/14;497
10/09/14;498
11/09/14;499
12/09/14;496
13/09/14;376
14/09/14;414
15/09/14;502
16/09/14;499
17/09/14;497
18/09/14;500
19/09/14;497
20/09/14;374
21/09/14;409
22/09/14;498
23/09/14;501
24/09/14;498
25/09/14;501
26/09/14;502
27/09/14;376
28/09/14;418
29/09/14;501
30/09/14;499
01/10/14;522
02/10/14;522
03/10/14;538
04/10/14;400
05/10/14;449
06/10/14;528
07/10/14;537
08/10/14;540
09/10/14;539
10/10/14;547
11/10/14;417
12/10/14;465
13/10/14;552
14/10/14;550
15/10/14;544
16/10/14;544
17/10/14;546
18/10/14;423
19/10/14;458
20/10/14;545
21/10/14;544
22/10/14;543
23/10/14;497
24/10/14;499
25/10/14;368
26/10/14;419
27/10/14;499
28/10/14;500
29/10/14;524
30/10/14;521
31/10/14;528
01/11/14;382
02/11/14;430
03/11/14;523
04/11/14;528
05/11/14;523
06/11/14;527
07/11/14;529
08/11/14;385
09/11/14;433
10/11/14;523
11/11/14;527
12/11/14;523
13/11/14;526
14/11/14;524
15/11/14;387
16/11/14;428
17/11/14;523
18/11/14;525
19/11/14;523
20/11/14;527
21/11/14;525
22/11/14;383
23/11/14;434
24/11/14;561
25/11/14;558
26/11/14;565
27/11/14;557
28/11/14;549
29/11/14;403
30/11/14;446
01/12/14;541
02/12/14;543
03/12/14;543
04/12/14;544
05/12/14;552
06/12/14;392
07/12/14;436
08/12/14;541
09/12/14;541
10/12/14;542
11/12/14;544
12/12/14;544
13/12/14;408
14/12/14;452
15/12/14;546
16/12/14;545
17/12/14;550
18/12/14;545
19/12/14;547
20/12/14;416
21/12/14;450
22/12/14;553
23/12/14;574
24/12/14;551
25/12/14;546
26/12/14;545
27/12/14;405
28/12/14;442
29/12/14;544
30/12/14;541
31/12/14;545
01/01/15;545
02/01/15;550
03/01/15;405
04/01/15;444
05/01/15;544
06/01/15;543
07/01/15;543
08/01/15;551
09/01/15;551
10/01/15;404
11/01/15;444
12/01/15;552
13/01/15;544
14/01/15;547
15/01/15;546
16/01/15;543
17/01/15;399
18/01/15;441
19/01/15;547
20/01/15;543
21/01/15;544
22/01/15;543
23/01/15;549
24/01/15;391
25/01/15;441
26/01/15;547
27/01/15;544
28/01/15;543
29/01/15;546
30/01/15;541
31/01/15;386
01/02/15;437
02/02/15;549
03/02/15;544
04/02/15;541
05/02/15;545
06/02/15;560
07/02/15;393
08/02/15;434
09/02/15;548
10/02/15;542
11/02/15;544
12/02/15;546
13/02/15;542
14/02/15;410
15/02/15;436
16/02/15;540
17/02/15;540
18/02/15;542
19/02/15;542
20/02/15;541
21/02/15;380
22/02/15;421
23/02/15;548
24/02/15;549
25/02/15;549
26/02/15;547
27/02/15;549
28/02/15;387
01/03/15;432
02/03/15;548
03/03/15;547
04/03/15;547
05/03/15;545
06/03/15;549
07/03/15;392
08/03/15;432
09/03/15;543
10/03/15;551
11/03/15;545
12/03/15;542
13/03/15;546
14/03/15;389
15/03/15;434
16/03/15;556
17/03/15;546
18/03/15;544
19/03/15;547
20/03/15;543
21/03/15;391
22/03/15;434
23/03/15;551
24/03/15;546
25/03/15;546
26/03/15;545
27/03/15;547
28/03/15;388
29/03/15;434
30/03/15;546
31/03/15;546
01/04/15;550
02/04/15;545
03/04/15;547
04/04/15;383
05/04/15;429
06/04/15;553
07/04/15;556
08/04/15;546
09/04/15;545
10/04/15;548
11/04/15;386
12/04/15;425
13/04/15;550
14/04/15;543
15/04/15;541
16/04/15;546
17/04/15;544
18/04/15;393
19/04/15;420
20/04/15;541
21/04/15;553
22/04/15;550
23/04/15;544
24/04/15;549
25/04/15;384
26/04/15;423
27/04/15;543
28/04/15;547
29/04/15;543
30/04/15;551
01/05/15;542
02/05/15;380
03/05/15;424
04/05/15;549
05/05/15;541
06/05/15;543
07/05/15;540
08/05/15;543
09/05/15;381
10/05/15;434
11/05/15;558
12/05/15;544
13/05/15;540
14/05/15;541
15/05/15;542
16/05/15;379
17/05/15;421
18/05/15;541
19/05/15;541
20/05/15;543
21/05/15;540
22/05/15;540
23/05/15;382
24/05/15;425
25/05/15;549
26/05/15;547
27/05/15;543
28/05/15;556
29/05/15;544
30/05/15;385
31/05/15;426
01/06/15;546
02/06/15;542
03/06/15;539
04/06/15;545
05/06/15;541
06/06/15;382
07/06/15;433
08/06/15;541
09/06/15;539
10/06/15;542
11/06/15;542
12/06/15;539
13/06/15;382
14/06/15;425
15/06/15;540
16/06/15;542
17/06/15;538
18/06/15;557
19/06/15;569
20/06/15;380
21/06/15;420
22/06/15;539
23/06/15;549
24/06/15;539
25/06/15;537
26/06/15;538
27/06/15;388
28/06/15;432
29/06/15;542
30/06/15;543
01/07/15;544
02/07/15;544
03/07/15;547
04/07/15;392
05/07/15;434
06/07/15;541
07/07/15;546
08/07/15;554
09/07/15;548
10/07/15;546
11/07/15;392
12/07/15;437
13/07/15;551
14/07/15;543
15/07/15;548
16/07/15;549
17/07/15;546
18/07/15;393
19/07/15;435
20/07/15;545
21/07/15;548
22/07/15;560
23/07/15;545
24/07/15;545
25/07/15;396
26/07/15;438
27/07/15;546
28/07/15;547
29/07/15;543
30/07/15;555
31/07/15;550
01/08/15;394
02/08/15;431
03/08/15;542
04/08/15;543
05/08/15;543
06/08/15;539
07/08/15;543
08/08/15;390
09/08/15;428
10/08/15;543
11/08/15;542
12/08/15;542
13/08/15;540
14/08/15;542
15/08/15;381
16/08/15;433
17/08/15;546
18/08/15;540
19/08/15;545
20/08/15;541
21/08/15;543
22/08/15;389
23/08/15;427
24/08/15;544
25/08/15;551
26/08/15;542
27/08/15;548
28/08/15;545
29/08/15;383
30/08/15;425
31/08/15;544
01/09/15;546
02/09/15;542
03/09/15;542
04/09/15;548
05/09/15;380
06/09/15;422
07/09/15;547
08/09/15;551
09/09/15;546
10/09/15;553
11/09/15;554
12/09/15;379
13/09/15;430
14/09/15;542
15/09/15;546
16/09/15;542
17/09/15;548
18/09/15;544
19/09/15;377
20/09/15;425
21/09/15;540
22/09/15;544
23/09/15;547
24/09/15;542
25/09/15;554
26/09/15;397
27/09/15;439
28/09/15;545
29/09/15;541
30/09/15;539
01/10/15;544
02/10/15;542
03/10/15;393
04/10/15;434
05/10/15;546
06/10/15;540
07/10/15;543
08/10/15;555
09/10/15;550
10/10/15;396
11/10/15;439
12/10/15;544
13/10/15;542
14/10/15;547
15/10/15;543
16/10/15;543
17/10/15;393
18/10/15;433
19/10/15;543
20/10/15;542
21/10/15;553
22/10/15;554
23/10/15;551
24/10/15;383
25/10/15;425
26/10/15;543
27/10/15;551
28/10/15;552
29/10/15;544
30/10/15;540
31/10/15;376
01/11/15;419
02/11/15;544
03/11/15;542
04/11/15;548
05/11/15;548
06/11/15;540
07/11/15;374
08/11/15;420
09/11/15;542
10/11/15;548
11/11/15;540
12/11/15;539
13/11/15;542
14/11/15;387
15/11/15;425
16/11/15;539
17/11/15;546
18/11/15;552
19/11/15;538
20/11/15;566
21/11/15;377
22/11/15;425
23/11/15;552
24/11/15;547
25/11/15;544
26/11/15;539
27/11/15;539
28/11/15;372
29/11/15;431
30/11/15;557
01/12/15;545
02/12/15;547
03/12/15;566
04/12/15;544
05/12/15;377
06/12/15;427
07/12/15;548
08/12/15;540
09/12/15;543
10/12/15;549
11/12/15;541
12/12/15;383
13/12/15;428
14/12/15;557
15/12/15;555
16/12/15;551
17/12/15;551
18/12/15;546
19/12/15;372
20/12/15;430
21/12/15;549
22/12/15;554
23/12/15;553
24/12/15;551
25/12/15;548
26/12/15;393
27/12/15;439
28/12/15;552
29/12/15;547
30/12/15;556
31/12/15;547
01/01/16;546
02/01/16;392
03/01/16;447
04/01/16;553
05/01/16;552
06/01/16;549
07/01/16;553
08/01/16;551
09/01/16;388
10/01/16;442
11/01/16;560
12/01/16;552
13/01/16;555
14/01/16;551
15/01/16;570
16/01/16;406
17/01/16;441
18/01/16;550
19/01/16;554
20/01/16;576
21/01/16;567
22/01/16;561
23/01/16;389
24/01/16;440
25/01/16;554
26/01/16;555
27/01/16;560
28/01/16;559
29/01/16;560
30/01/16;390
31/01/16;436
01/02/16;556
02/02/16;560
03/02/16;556
04/02/16;553
05/02/16;562
06/02/16;410
07/02/16;425
08/02/16;545
09/02/16;551
10/02/16;555
11/02/16;545
12/02/16;550
13/02/16;389
14/02/16;440
15/02/16;562
16/02/16;552
17/02/16;552
18/02/16;551
19/02/16;558
20/02/16;394
21/02/16;433
22/02/16;558
23/02/16;548
24/02/16;548
25/02/16;553
26/02/16;549
27/02/16;380
28/02/16;440
29/02/16;557
01/03/16;547
02/03/16;553
03/03/16;551
04/03/16;548
05/03/16;378
06/03/16;433
07/03/16;547
08/03/16;549
09/03/16;561
10/03/16;491
11/03/16;597
12/03/16;181
13/03/16;306
14/03/16;395
15/03/16;561
16/03/16;572
17/03/16;547
18/03/16;550
19/03/16;452
20/03/16;198
21/03/16;549
22/03/16;546
23/03/16;552
24/03/16;379
25/03/16;497
26/03/16;460
27/03/16;436
28/03/16;557
29/03/16;555
30/03/16;554
31/03/16;557
01/04/16;554
02/04/16;381
03/04/16;442
04/04/16;552
05/04/16;555
06/04/16;554
07/04/16;556
08/04/16;557
09/04/16;382
10/04/16;451
11/04/16;556
12/04/16;562
13/04/16;555
14/04/16;551
15/04/16;553
16/04/16;376
17/04/16;442
18/04/16;556
19/04/16;556
20/04/16;555
21/04/16;561
22/04/16;561
23/04/16;379
24/04/16;444
25/04/16;551
26/04/16;562
27/04/16;555
28/04/16;555
29/04/16;560
30/04/16;380
01/05/16;416
02/05/16;549
03/05/16;591
04/05/16;593
05/05/16;592
06/05/16;591
07/05/16;392
08/05/16;461
09/05/16;594
10/05/16;593
11/05/16;545
12/05/16;543
13/05/16;544
14/05/16;375
15/05/16;437
16/05/16;545
17/05/16;543
18/05/16;549
19/05/16;549
20/05/16;542
21/05/16;376
22/05/16;436
23/05/16;541
24/05/16;541
25/05/16;539
26/05/16;541
27/05/16;542
28/05/16;372
29/05/16;439
30/05/16;550
31/05/16;543
01/06/16;550
02/06/16;541
03/06/16;543
04/06/16;373
05/06/16;441
06/06/16;564
07/06/16;553
08/06/16;542
09/06/16;544
10/06/16;547
11/06/16;369
12/06/16;430
13/06/16;541
14/06/16;542
15/06/16;542
16/06/16;542
17/06/16;556
18/06/16;389
19/06/16;435
20/06/16;542
21/06/16;542
22/06/16;542
23/06/16;561
24/06/16;540
25/06/16;373
26/06/16;429
27/06/16;542
28/06/16;543
29/06/16;544
30/06/16;548
01/07/16;549
02/07/16;385
03/07/16;445
04/07/16;558
05/07/16;559
06/07/16;557
07/07/16;553
08/07/16;557
09/07/16;381
10/07/16;440
11/07/16;556
12/07/16;565
13/07/16;553
14/07/16;556
15/07/16;554
16/07/16;387
17/07/16;440
18/07/16;551
19/07/16;553
20/07/16;554
21/07/16;552
22/07/16;551
23/07/16;385
24/07/16;438
25/07/16;551
26/07/16;554
27/07/16;553
28/07/16;551
29/07/16;551
30/07/16;377
31/07/16;431
01/08/16;540
02/08/16;540
03/08/16;537
04/08/16;540
05/08/16;541
06/08/16;374
07/08/16;429
08/08/16;565
09/08/16;565
10/08/16;565
11/08/16;567
12/08/16;576
13/08/16;390
14/08/16;466
15/08/16;578
16/08/16;568
17/08/16;566
18/08/16;568
19/08/16;541
20/08/16;374
21/08/16;439
22/08/16;547
23/08/16;543
24/08/16;542
25/08/16;537
26/08/16;538
27/08/16;370
28/08/16;431
29/08/16;546
30/08/16;555
31/08/16;540
01/09/16;539
02/09/16;541
03/09/16;372
04/09/16;432
05/09/16;547
06/09/16;546
07/09/16;541
08/09/16;542
09/09/16;538
10/09/16;365
11/09/16;428
12/09/16;545
13/09/16;538
14/09/16;541
15/09/16;541
16/09/16;540
17/09/16;370
18/09/16;436
19/09/16;541
20/09/16;541
21/09/16;543
22/09/16;539
23/09/16;539
24/09/16;368
25/09/16;437
26/09/16;543
27/09/16;538
28/09/16;541
29/09/16;539
30/09/16;540
01/10/16;368
02/10/16;432
03/10/16;546
04/10/16;546
05/10/16;543
06/10/16;543
07/10/16;538
08/10/16;372
09/10/16;434
10/10/16;543
11/10/16;538
12/10/16;543
13/10/16;545
14/10/16;538
15/10/16;374
16/10/16;437
17/10/16;545
18/10/16;542
19/10/16;541
20/10/16;545
21/10/16;542
22/10/16;376
23/10/16;437
24/10/16;540
25/10/16;544
26/10/16;546
27/10/16;545
28/10/16;542
29/10/16;372
30/10/16;438
31/10/16;543
01/11/16;543
02/11/16;545
03/11/16;545
04/11/16;542
05/11/16;366
06/11/16;434
07/11/16;539
08/11/16;541
09/11/16;546
10/11/16;554
11/11/16;545
12/11/16;372
13/11/16;439
14/11/16;542
15/11/16;543
16/11/16;542
17/11/16;540
18/11/16;552
19/11/16;359
20/11/16;434
21/11/16;541
22/11/16;542
23/11/16;540
24/11/16;542
25/11/16;540
26/11/16;356
27/11/16;431
28/11/16;547
29/11/16;539
30/11/16;545
01/12/16;542
02/12/16;538
03/12/16;363
04/12/16;431
05/12/16;547
06/12/16;543
07/12/16;538
08/12/16;543
09/12/16;548
10/12/16;370
11/12/16;441
12/12/16;553
13/12/16;548
14/12/16;541
15/12/16;551
16/12/16;556
17/12/16;393
18/12/16;452
19/12/16;559
20/12/16;561
21/12/16;569
22/12/16;565
23/12/16;562
24/12/16;387
25/12/16;457
26/12/16;559
27/12/16;559
28/12/16;564
29/12/16;563
30/12/16;564
31/12/16;390
01/01/17;458
02/01/17;557
03/01/17;561
04/01/17;560
05/01/17;563
06/01/17;558
07/01/17;393
08/01/17;463
09/01/17;559
10/01/17;557
11/01/17;568
12/01/17;564
13/01/17;559
14/01/17;391
15/01/17;465
16/01/17;561
17/01/17;566
18/01/17;561
19/01/17;563
20/01/17;564
21/01/17;391
22/01/17;464
23/01/17;567
24/01/17;557
25/01/17;563
26/01/17;566
27/01/17;563
28/01/17;388
29/01/17;463
30/01/17;554
31/01/17;544
01/02/17;557
02/02/17;543
03/02/17;544
04/02/17;362
05/02/17;441
06/02/17;544
07/02/17;545
08/02/17;541
09/02/17;538
10/02/17;541
11/02/17;362
12/02/17;441
13/02/17;545
14/02/17;541
15/02/17;539
16/02/17;541
17/02/17;543
18/02/17;364
19/02/17;438
20/02/17;540
21/02/17;539
22/02/17;551
23/02/17;556
24/02/17;554
25/02/17;392
26/02/17;441
27/02/17;542
28/02/17;549
01/03/17;542
02/03/17;546
03/03/17;549
04/03/17;365
05/03/17;451
06/03/17;553
07/03/17;548
08/03/17;548
09/03/17;544
10/03/17;541
11/03/17;365
12/03/17;438
13/03/17;539
14/03/17;540
15/03/17;540
16/03/17;540
17/03/17;543
18/03/17;365
19/03/17;440
20/03/17;539
21/03/17;541
22/03/17;538
23/03/17;539
24/03/17;540
25/03/17;365
26/03/17;449
27/03/17;541
28/03/17;543
29/03/17;550
30/03/17;543
31/03/17;543
01/04/17;365
02/04/17;446
03/04/17;541
04/04/17;540
05/04/17;544
06/04/17;546
07/04/17;558
08/04/17;364
09/04/17;443
10/04/17;545
11/04/17;547
12/04/17;551
13/04/17;551
14/04/17;546
15/04/17;372
16/04/17;455
17/04/17;547
18/04/17;541
19/04/17;539
20/04/17;550
21/04/17;545
22/04/17;374
23/04/17;462
24/04/17;544
25/04/17;544
26/04/17;546
27/04/17;548
28/04/17;551
29/04/17;368
30/04/17;456
01/05/17;541
02/05/17;543
03/05/17;537
04/05/17;542
05/05/17;548
06/05/17;375
07/05/17;440
08/05/17;545
09/05/17;542
10/05/17;545
11/05/17;545
12/05/17;544
13/05/17;361
14/05/17;449
15/05/17;546
16/05/17;542
17/05/17;544
18/05/17;548
19/05/17;559
20/05/17;369
21/05/17;456
22/05/17;548
23/05/17;544
24/05/17;542
25/05/17;547
26/05/17;546
27/05/17;368
28/05/17;467
29/05/17;555
30/05/17;548
31/05/17;552
01/06/17;547
02/06/17;548
03/06/17;362
04/06/17;451
05/06/17;546
06/06/17;550
07/06/17;539
08/06/17;546
09/06/17;542
10/06/17;361
11/06/17;445
12/06/17;544
13/06/17;546
14/06/17;548
15/06/17;553
16/06/17;545
17/06/17;368
18/06/17;441
19/06/17;554
20/06/17;552
21/06/17;545
22/06/17;543
23/06/17;539
24/06/17;358
25/06/17;432
26/06/17;539
27/06/17;543
28/06/17;542
29/06/17;543
30/06/17;550
01/07/17;409
02/07/17;465
03/07/17;550
04/07/17;552
05/07/17;553
06/07/17;554
07/07/17;557
08/07/17;399
09/07/17;469
10/07/17;552
11/07/17;560
12/07/17;560
13/07/17;552
14/07/17;554
15/07/17;400
16/07/17;467
17/07/17;555
18/07/17;551
19/07/17;562
20/07/17;551
21/07/17;558
22/07/17;405
23/07/17;469
24/07/17;554
25/07/17;550
26/07/17;552
27/07/17;556
28/07/17;551
29/07/17;403
30/07/17;464
31/07/17;550
01/08/17;543
02/08/17;546
03/08/17;545
04/08/17;546
05/08/17;360
06/08/17;440
07/08/17;539
08/08/17;539
09/08/17;540
10/08/17;542
11/08/17;546
12/08/17;356
13/08/17;444
14/08/17;548
15/08/17;551
16/08/17;548
17/08/17;574
18/08/17;548
19/08/17;380
20/08/17;444
21/08/17;555
22/08/17;541
23/08/17;543
24/08/17;537
25/08/17;544
26/08/17;352
27/08/17;443
28/08/17;539
29/08/17;560
30/08/17;546
31/08/17;540
01/09/17;543
02/09/17;361
03/09/17;440
04/09/17;542
05/09/17;545
06/09/17;540
07/09/17;546
08/09/17;538
09/09/17;363
10/09/17;449
11/09/17;539
12/09/17;554
13/09/17;544
14/09/17;539
15/09/17;560
16/09/17;377
17/09/17;448
18/09/17;558
19/09/17;541
20/09/17;548
21/09/17;551
22/09/17;548
23/09/17;373
24/09/17;448
25/09/17;548
26/09/17;540
27/09/17;543
28/09/17;538
29/09/17;548
30/09/17;363
01/10/17;441
02/10/17;546
03/10/17;540
04/10/17;542
05/10/17;540
06/10/17;546
07/10/17;374
08/10/17;448
09/10/17;539
10/10/17;540
11/10/17;548
12/10/17;552
13/10/17;547
14/10/17;384
15/10/17;453
16/10/17;543
17/10/17;542
18/10/17;547
19/10/17;546
20/10/17;543
21/10/17;353
22/10/17;436
23/10/17;547
24/10/17;539
25/10/17;547
26/10/17;538
27/10/17;544
28/10/17;363
29/10/17;434
30/10/17;538
31/10/17;543
01/11/17;541
02/11/17;541
03/11/17;545
04/11/17;364
05/11/17;447
06/11/17;541
07/11/17;539
08/11/17;544
09/11/17;549
10/11/17;553
11/11/17;379
12/11/17;465
13/11/17;575
14/11/17;542
15/11/17;542
16/11/17;559
17/11/17;546
18/11/17;359
19/11/17;445
20/11/17;558
21/11/17;549
22/11/17;547
23/11/17;545
24/11/17;543
25/11/17;360
26/11/17;449
27/11/17;556
28/11/17;544
29/11/17;544
30/11/17;543
01/12/17;542
02/12/17;362
03/12/17;439
04/12/17;544
05/12/17;541
06/12/17;543
07/12/17;543
08/12/17;563
09/12/17;358
10/12/17;440
11/12/17;540
12/12/17;543
13/12/17;542
14/12/17;547
15/12/17;553
16/12/17;399
17/12/17;471
18/12/17;574
19/12/17;578
20/12/17;566
21/12/17;587
22/12/17;580
23/12/17;414
24/12/17;473
25/12/17;584
26/12/17;568
27/12/17;570
28/12/17;567
29/12/17;572
30/12/17;410
31/12/17;475
01/01/18;573
02/01/18;587
03/01/18;577
04/01/18;575
05/01/18;568
06/01/18;414
07/01/18;476
08/01/18;578
09/01/18;576
10/01/18;573
11/01/18;575
12/01/18;571
13/01/18;415
14/01/18;472
15/01/18;573
16/01/18;576
17/01/18;577
18/01/18;572
19/01/18;575
20/01/18;409
21/01/18;474
22/01/18;573
23/01/18;574
24/01/18;578
25/01/18;577
26/01/18;573
27/01/18;416
28/01/18;476
29/01/18;576
30/01/18;577
31/01/18;575
01/02/18;567
02/02/18;562
03/02/18;376
04/02/18;451
05/02/18;564
06/02/18;562
07/02/18;559
08/02/18;557
09/02/18;565
10/02/18;386
11/02/18;448
12/02/18;560
13/02/18;563
14/02/18;560
15/02/18;557
16/02/18;559
17/02/18;378
18/02/18;453
19/02/18;550
20/02/18;547
21/02/18;549
22/02/18;552
23/02/18;551
24/02/18;353
25/02/18;438
26/02/18;546
27/02/18;548
28/02/18;542
01/03/18;549
02/03/18;551
03/03/18;353
04/03/18;440
05/03/18;548
06/03/18;546
07/03/18;545
08/03/18;547
09/03/18;548
10/03/18;352
11/03/18;444
12/03/18;548
13/03/18;543
14/03/18;547
15/03/18;550
16/03/18;545
17/03/18;356
18/03/18;439
19/03/18;555
20/03/18;557
21/03/18;540
22/03/18;543
23/03/18;539
24/03/18;352
25/03/18;435
26/03/18;545
27/03/18;541
28/03/18;552
29/03/18;543
30/03/18;496
31/03/18;282
01/04/18;429
02/04/18;535
03/04/18;539
04/04/18;541
05/04/18;538
06/04/18;540
07/04/18;350
08/04/18;428
09/04/18;537
10/04/18;533
11/04/18;531
12/04/18;535
13/04/18;539
14/04/18;350
15/04/18;433
16/04/18;543
17/04/18;523
18/04/18;551
19/04/18;535
20/04/18;533
21/04/18;337
22/04/18;428
23/04/18;540
24/04/18;537
25/04/18;533
26/04/18;541
27/04/18;540
28/04/18;338
29/04/18;300
30/04/18;381
01/05/18;514
02/05/18;541
03/05/18;530
04/05/18;538
05/05/18;347
06/05/18;424
07/05/18;540
08/05/18;524
09/05/18;523
10/05/18;529
11/05/18;533
12/05/18;342
13/05/18;428
14/05/18;533
15/05/18;524
16/05/18;524
17/05/18;533
18/05/18;544
19/05/18;360
20/05/18;425
21/05/18;539
22/05/18;521
23/05/18;528
24/05/18;531
25/05/18;539
26/05/18;364
27/05/18;437
28/05/18;535
29/05/18;530
30/05/18;540
31/05/18;491
01/06/18;362
02/06/18;273
03/06/18;434
04/06/18;538
05/06/18;527
06/06/18;524
07/06/18;531
08/06/18;535
09/06/18;344
10/06/18;425
11/06/18;529
12/06/18;520
13/06/18;526
14/06/18;533
15/06/18;535
16/06/18;362
17/06/18;423
18/06/18;533
19/06/18;547
20/06/18;533
21/06/18;537
22/06/18;535
23/06/18;352
24/06/18;422
25/06/18;531
26/06/18;517
27/06/18;514
28/06/18;529
29/06/18;524
30/06/18;364
01/07/18;449
02/07/18;549
03/07/18;537
04/07/18;537
05/07/18;544
06/07/18;552
07/07/18;369
08/07/18;374
09/07/18;543
10/07/18;541
11/07/18;539
12/07/18;541
13/07/18;538
14/07/18;359
15/07/18;426
16/07/18;548
17/07/18;544
18/07/18;545
19/07/18;540
20/07/18;553
21/07/18;401
22/07/18;459
23/07/18;552
24/07/18;543
25/07/18;537
26/07/18;538
27/07/18;542
28/07/18;391
29/07/18;451
30/07/18;542
31/07/18;539
01/08/18;528
02/08/18;536
03/08/18;542
04/08/18;358
05/08/18;434
06/08/18;540
07/08/18;537
08/08/18;535
09/08/18;544
10/08/18;538
11/08/18;356
12/08/18;427
13/08/18;541
14/08/18;535
15/08/18;554
16/08/18;533
17/08/18;546
18/08/18;350
19/08/18;427
20/08/18;542
21/08/18;533
22/08/18;537
23/08/18;535
24/08/18;542
25/08/18;334
26/08/18;388
27/08/18;547
28/08/18;537
29/08/18;532
30/08/18;534
31/08/18;537
01/09/18;352
02/09/18;434
03/09/18;543
04/09/18;539
05/09/18;543
06/09/18;543
07/09/18;485
08/09/18;280
09/09/18;430
10/09/18;539
11/09/18;542
12/09/18;541
13/09/18;538
14/09/18;546
15/09/18;360
16/09/18;429
17/09/18;545
18/09/18;534
19/09/18;490
20/09/18;543
21/09/18;544
22/09/18;352
23/09/18;431
24/09/18;541
25/09/18;535
26/09/18;534
27/09/18;538
28/09/18;536
29/09/18;350
30/09/18;440
01/10/18;548
02/10/18;542
03/10/18;543
04/10/18;538
05/10/18;542
06/10/18;346
07/10/18;405
08/10/18;538
09/10/18;539
10/10/18;544
11/10/18;542
12/10/18;487
13/10/18;290
14/10/18;433
15/10/18;543
16/10/18;536
17/10/18;563
18/10/18;548
19/10/18;543
20/10/18;356
21/10/18;435
22/10/18;539
23/10/18;532
24/10/18;546
25/10/18;551
26/10/18;544
27/10/18;345
28/10/18;388
29/10/18;542
30/10/18;540
31/10/18;558
01/11/18;546
02/11/18;476
03/11/18;280
04/11/18;437
05/11/18;538
06/11/18;536
07/11/18;537
08/11/18;552
09/11/18;544
10/11/18;362
11/11/18;439
12/11/18;540
13/11/18;544
14/11/18;545
15/11/18;492
16/11/18;455
17/11/18;273
18/11/18;410
19/11/18;512
20/11/18;517
21/11/18;540
22/11/18;540
23/11/18;553
24/11/18;377
25/11/18;439
26/11/18;538
27/11/18;534
28/11/18;532
29/11/18;544
30/11/18;558
01/12/18;413
02/12/18;447
03/12/18;542
04/12/18;538
05/12/18;545
06/12/18;545
07/12/18;548
08/12/18;372
09/12/18;441
10/12/18;540
11/12/18;538
12/12/18;542
13/12/18;552
14/12/18;547
15/12/18;373
16/12/18;443
17/12/18;545
18/12/18;544
19/12/18;542
20/12/18;543
21/12/18;547
22/12/18;394
23/12/18;427
24/12/18;473
25/12/18;474
26/12/18;537
27/12/18;540
28/12/18;554
29/12/18;384
30/12/18;430
31/12/18;469